,Country,Code,Year,Share of global annual COâ‚‚ emissions,Continent
0,Afghanistan,AFG,2010,0.025071083,Asia
1,Afghanistan,AFG,2011,0.03432688,Asia
2,Afghanistan,AFG,2012,0.02866719,Asia
3,Afghanistan,AFG,2013,0.026191164,Asia
4,Afghanistan,AFG,2014,0.02577556,Asia
5,Afghanistan,AFG,2015,0.027535116,Asia
6,Afghanistan,AFG,2016,0.025525136,Asia
7,Afghanistan,AFG,2017,0.027337566,Asia
8,Afghanistan,AFG,2018,0.029375708,Asia
9,Afghanistan,AFG,2019,0.029883645,Asia
10,Afghanistan,AFG,2020,0.033126526,Asia
11,Afghanistan,AFG,2021,0.031985395,Asia
12,Albania,ALB,2010,0.014338255,Europe
13,Albania,ALB,2011,0.015410659,Europe
14,Albania,ALB,2012,0.013854832,Europe
15,Albania,ALB,2013,0.014970514,Europe
16,Albania,ALB,2014,0.016863614,Europe
17,Albania,ALB,2015,0.013251763,Europe
18,Albania,ALB,2016,0.013038938,Europe
19,Albania,ALB,2017,0.015414549,Europe
20,Albania,ALB,2018,0.013533852,Europe
21,Albania,ALB,2019,0.0133418115,Europe
22,Albania,ALB,2020,0.013408993,Europe
23,Albania,ALB,2021,0.0124424305,Europe
36,Andorra,AND,2010,0.0015484312,Europe
37,Andorra,AND,2011,0.0014236547,Europe
38,Andorra,AND,2012,0.0013920706,Europe
39,Andorra,AND,2013,0.0013486148,Europe
40,Andorra,AND,2014,0.0012976278,Europe
41,Andorra,AND,2015,0.0013086242,Europe
42,Andorra,AND,2016,0.0013202046,Europe
43,Andorra,AND,2017,0.0012891138,Europe
44,Andorra,AND,2018,0.0013431628,Europe
45,Andorra,AND,2019,0.001294366,Europe
46,Andorra,AND,2020,0.0012729211,Europe
47,Andorra,AND,2021,0.0012199382,Europe
84,Armenia,ARM,2010,0.012746391,Europe
85,Armenia,ARM,2011,0.014407969,Europe
86,Armenia,ARM,2012,0.016420634,Europe
87,Armenia,ARM,2013,0.015671374,Europe
88,Armenia,ARM,2014,0.015751831,Europe
89,Armenia,ARM,2015,0.015381168,Europe
90,Armenia,ARM,2016,0.014646395,Europe
91,Armenia,ARM,2017,0.015348071,Europe
92,Armenia,ARM,2018,0.015819546,Europe
93,Armenia,ARM,2019,0.01694627,Europe
94,Armenia,ARM,2020,0.018235723,Europe
95,Armenia,ARM,2021,0.018333348,Europe
108,Austria,AUT,2010,0.21581843,Europe
109,Austria,AUT,2011,0.20266502,Europe
110,Austria,AUT,2012,0.19215387,Europe
111,Austria,AUT,2013,0.19184875,Europe
112,Austria,AUT,2014,0.18033853,Europe
113,Austria,AUT,2015,0.18659027,Europe
114,Austria,AUT,2016,0.18919711,Europe
115,Austria,AUT,2017,0.19279532,Europe
116,Austria,AUT,2018,0.18073171,Europe
117,Austria,AUT,2019,0.18320252,Europe
118,Austria,AUT,2020,0.17592245,Europe
119,Austria,AUT,2021,0.17408104,Europe
120,Azerbaijan,AZE,2010,0.091813244,Europe
121,Azerbaijan,AZE,2011,0.09561772,Europe
122,Azerbaijan,AZE,2012,0.09362134,Europe
123,Azerbaijan,AZE,2013,0.09500559,Europe
124,Azerbaijan,AZE,2014,0.09654527,Europe
125,Azerbaijan,AZE,2015,0.09753752,Europe
126,Azerbaijan,AZE,2016,0.097756855,Europe
127,Azerbaijan,AZE,2017,0.09587304,Europe
128,Azerbaijan,AZE,2018,0.09388839,Europe
129,Azerbaijan,AZE,2019,0.10176723,Europe
130,Azerbaijan,AZE,2020,0.106363215,Europe
131,Azerbaijan,AZE,2021,0.10368753,Europe
144,Bahrain,BHR,2010,0.087145224,Asia
145,Bahrain,BHR,2011,0.08254599,Asia
146,Bahrain,BHR,2012,0.07746894,Asia
147,Bahrain,BHR,2013,0.08821732,Asia
148,Bahrain,BHR,2014,0.08685178,Asia
149,Bahrain,BHR,2015,0.09128503,Asia
150,Bahrain,BHR,2016,0.08883949,Asia
151,Bahrain,BHR,2017,0.09096444,Asia
152,Bahrain,BHR,2018,0.08903136,Asia
153,Bahrain,BHR,2019,0.10197161,Asia
154,Bahrain,BHR,2020,0.106631845,Asia
155,Bahrain,BHR,2021,0.10509709,Asia
156,Bangladesh,BGD,2010,0.1618241,Asia
157,Bangladesh,BGD,2011,0.16399316,Asia
158,Bangladesh,BGD,2012,0.1734198,Asia
159,Bangladesh,BGD,2013,0.17497274,Asia
160,Bangladesh,BGD,2014,0.18553562,Asia
161,Bangladesh,BGD,2015,0.20573817,Asia
162,Bangladesh,BGD,2016,0.21448356,Asia
163,Bangladesh,BGD,2017,0.22365221,Asia
164,Bangladesh,BGD,2018,0.22400635,Asia
165,Bangladesh,BGD,2019,0.24717124,Asia
166,Bangladesh,BGD,2020,0.25755754,Asia
167,Bangladesh,BGD,2021,0.25098673,Asia
180,Belarus,BLR,2010,0.18716122,Europe
181,Belarus,BLR,2011,0.17777008,Europe
182,Belarus,BLR,2012,0.17866874,Europe
183,Belarus,BLR,2013,0.18156004,Europe
184,Belarus,BLR,2014,0.17890185,Europe
185,Belarus,BLR,2015,0.16535792,Europe
186,Belarus,BLR,2016,0.16364759,Europe
187,Belarus,BLR,2017,0.16417629,Europe
188,Belarus,BLR,2018,0.16861312,Europe
189,Belarus,BLR,2019,0.167301,Europe
190,Belarus,BLR,2020,0.16615216,Europe
191,Belarus,BLR,2021,0.16055031,Europe
192,Belgium,BEL,2010,0.3433541,Europe
193,Belgium,BEL,2011,0.3045208,Europe
194,Belgium,BEL,2012,0.29239228,Europe
195,Belgium,BEL,2013,0.29068163,Europe
196,Belgium,BEL,2014,0.27232632,Europe
197,Belgium,BEL,2015,0.28421202,Europe
198,Belgium,BEL,2016,0.2803769,Europe
199,Belgium,BEL,2017,0.27461287,Europe
200,Belgium,BEL,2018,0.27120036,Europe
201,Belgium,BEL,2019,0.2681385,Europe
202,Belgium,BEL,2020,0.25626075,Europe
203,Belgium,BEL,2021,0.2578458,Europe
228,Bhutan,BTN,2010,0.001392873,Asia
229,Bhutan,BTN,2011,0.0019353082,Asia
230,Bhutan,BTN,2012,0.0022073817,Asia
231,Bhutan,BTN,2013,0.002414494,Asia
232,Bhutan,BTN,2014,0.0026659546,Asia
233,Bhutan,BTN,2015,0.0027139424,Asia
234,Bhutan,BTN,2016,0.0032446284,Asia
235,Bhutan,BTN,2017,0.003433061,Asia
236,Bhutan,BTN,2018,0.0036641513,Asia
237,Bhutan,BTN,2019,0.003902274,Asia
238,Bhutan,BTN,2020,0.0042527486,Asia
239,Bhutan,BTN,2021,0.0041000224,Asia
252,Bosnia and Herzegovina,BIH,2010,0.06337814,Europe
253,Bosnia and Herzegovina,BIH,2011,0.068899244,Europe
254,Bosnia and Herzegovina,BIH,2012,0.063229166,Europe
255,Bosnia and Herzegovina,BIH,2013,0.061725765,Europe
256,Bosnia and Herzegovina,BIH,2014,0.05428084,Europe
257,Bosnia and Herzegovina,BIH,2015,0.051915735,Europe
258,Bosnia and Herzegovina,BIH,2016,0.06117074,Europe
259,Bosnia and Herzegovina,BIH,2017,0.061379988,Europe
260,Bosnia and Herzegovina,BIH,2018,0.05994333,Europe
261,Bosnia and Herzegovina,BIH,2019,0.056119047,Europe
262,Bosnia and Herzegovina,BIH,2020,0.059360534,Europe
263,Bosnia and Herzegovina,BIH,2021,0.03654338,Europe
288,Brunei,BRN,2010,0.02415992,Asia
289,Brunei,BRN,2011,0.027676273,Asia
290,Brunei,BRN,2012,0.027137483,Asia
291,Brunei,BRN,2013,0.021591831,Asia
292,Brunei,BRN,2014,0.024821805,Asia
293,Brunei,BRN,2015,0.019498238,Asia
294,Brunei,BRN,2016,0.021486497,Asia
295,Brunei,BRN,2017,0.025790095,Asia
296,Brunei,BRN,2018,0.025374176,Asia
297,Brunei,BRN,2019,0.028281514,Asia
298,Brunei,BRN,2020,0.0299261,Asia
299,Brunei,BRN,2021,0.028231228,Asia
300,Bulgaria,BGR,2010,0.14344332,Europe
301,Bulgaria,BGR,2011,0.15418778,Europe
302,Bulgaria,BGR,2012,0.13808641,Europe
303,Bulgaria,BGR,2013,0.12083682,Europe
304,Bulgaria,BGR,2014,0.1272328,Europe
305,Bulgaria,BGR,2015,0.13572125,Europe
306,Bulgaria,BGR,2016,0.12803759,Europe
307,Bulgaria,BGR,2017,0.13178408,Europe
308,Bulgaria,BGR,2018,0.11843659,Europe
309,Bulgaria,BGR,2019,0.11395051,Europe
310,Bulgaria,BGR,2020,0.10482935,Europe
311,Bulgaria,BGR,2021,0.11464386,Europe
324,Cambodia,KHM,2010,0.015220265,Asia
325,Cambodia,KHM,2011,0.015294737,Asia
326,Cambodia,KHM,2012,0.01592862,Asia
327,Cambodia,KHM,2013,0.015959393,Asia
328,Cambodia,KHM,2014,0.019209463,Asia
329,Cambodia,KHM,2015,0.023526285,Asia
330,Cambodia,KHM,2016,0.030744437,Asia
331,Cambodia,KHM,2017,0.034642585,Asia
332,Cambodia,KHM,2018,0.03907017,Asia
333,Cambodia,KHM,2019,0.048606794,Asia
334,Cambodia,KHM,2020,0.05303777,Asia
335,Cambodia,KHM,2021,0.05125707,Asia
408,China,CHN,2010,25.82593,Asia
409,China,CHN,2011,27.629402,Asia
410,China,CHN,2012,27.935797,Asia
411,China,CHN,2013,28.189508,Asia
412,China,CHN,2014,28.103746,Asia
413,China,CHN,2015,27.74832,Asia
414,China,CHN,2016,27.488255,Asia
415,China,CHN,2017,27.734106,Asia
416,China,CHN,2018,28.115282,Asia
417,China,CHN,2019,28.965088,Asia
418,China,CHN,2020,31.069042,Asia
419,China,CHN,2021,30.902962,Asia
468,Croatia,HRV,2010,0.06299025,Europe
469,Croatia,HRV,2011,0.059876505,Europe
470,Croatia,HRV,2012,0.054525666,Europe
471,Croatia,HRV,2013,0.052187454,Europe
472,Croatia,HRV,2014,0.049698677,Europe
473,Croatia,HRV,2015,0.05012774,Europe
474,Croatia,HRV,2016,0.05097657,Europe
475,Croatia,HRV,2017,0.05192712,Europe
476,Croatia,HRV,2018,0.048128787,Europe
477,Croatia,HRV,2019,0.04815592,Europe
478,Croatia,HRV,2020,0.047840536,Europe
479,Croatia,HRV,2021,0.04768215,Europe
492,Cyprus,CYP,2010,0.024285499,Europe
493,Cyprus,CYP,2011,0.022586482,Europe
494,Cyprus,CYP,2012,0.020750659,Europe
495,Cyprus,CYP,2013,0.018641356,Europe
496,Cyprus,CYP,2014,0.019540828,Europe
497,Cyprus,CYP,2015,0.0196098,Europe
498,Cyprus,CYP,2016,0.02076167,Europe
499,Cyprus,CYP,2017,0.020847771,Europe
500,Cyprus,CYP,2018,0.019938208,Europe
501,Cyprus,CYP,2019,0.019802235,Europe
502,Cyprus,CYP,2020,0.02061468,Europe
503,Cyprus,CYP,2021,0.02047315,Europe
504,Denmark,DNK,2010,0.14747381,Europe
505,Denmark,DNK,2011,0.12830369,Europe
506,Denmark,DNK,2012,0.11389654,Europe
507,Denmark,DNK,2013,0.11827273,Europe
508,Denmark,DNK,2014,0.10562212,Europe
509,Denmark,DNK,2015,0.09907029,Europe
510,Denmark,DNK,2016,0.104248,Europe
511,Denmark,DNK,2017,0.09635294,Europe
512,Denmark,DNK,2018,0.09429342,Europe
513,Denmark,DNK,2019,0.083477095,Europe
514,Denmark,DNK,2020,0.08020066,Europe
515,Denmark,DNK,2021,0.07967103,Europe
612,Estonia,EST,2010,0.056954563,Europe
613,Estonia,EST,2011,0.05504745,Europe
614,Estonia,EST,2012,0.05083325,Europe
615,Estonia,EST,2013,0.055771094,Europe
616,Estonia,EST,2014,0.053012095,Europe
617,Estonia,EST,2015,0.044565633,Europe
618,Estonia,EST,2016,0.049429283,Europe
619,Estonia,EST,2017,0.05197835,Europe
620,Estonia,EST,2018,0.048701532,Europe
621,Estonia,EST,2019,0.033385478,Europe
622,Estonia,EST,2020,0.026494406,Europe
623,Estonia,EST,2021,0.028146382,Europe
648,Finland,FIN,2010,0.19206357,Europe
649,Finland,FIN,2011,0.16422755,Europe
650,Finland,FIN,2012,0.14610435,Europe
651,Finland,FIN,2013,0.14638992,Europe
652,Finland,FIN,2014,0.13378057,Europe
653,Finland,FIN,2015,0.12401821,Europe
654,Finland,FIN,2016,0.13281615,Europe
655,Finland,FIN,2017,0.12349536,Europe
656,Finland,FIN,2018,0.12435732,Europe
657,Finland,FIN,2019,0.11429049,Europe
658,Finland,FIN,2020,0.10661251,Europe
659,Finland,FIN,2021,0.10128887,Europe
660,France,FRA,2010,1.128886,Europe
661,France,FRA,2011,1.0282203,Europe
662,France,FRA,2012,1.0195675,Europe
663,France,FRA,2013,1.0153779,Europe
664,France,FRA,2014,0.9194208,Europe
665,France,FRA,2015,0.93248975,Europe
666,France,FRA,2016,0.9414424,Europe
667,France,FRA,2017,0.93486995,Europe
668,France,FRA,2018,0.87580067,Europe
669,France,FRA,2019,0.85319567,Europe
670,France,FRA,2020,0.7940983,Europe
671,France,FRA,2021,0.8241702,Europe
696,Georgia,GEO,2010,0.018606817,Europe
697,Georgia,GEO,2011,0.022630334,Europe
698,Georgia,GEO,2012,0.023580005,Europe
699,Georgia,GEO,2013,0.022686107,Europe
700,Georgia,GEO,2014,0.025124516,Europe
701,Georgia,GEO,2015,0.02743693,Europe
702,Georgia,GEO,2016,0.02834035,Europe
703,Georgia,GEO,2017,0.02818129,Europe
704,Georgia,GEO,2018,0.027324159,Europe
705,Georgia,GEO,2019,0.029448273,Europe
706,Georgia,GEO,2020,0.030315792,Europe
707,Georgia,GEO,2021,0.029656934,Europe
708,Germany,DEU,2010,2.495301,Europe
709,Germany,DEU,2011,2.3455539,Europe
710,Germany,DEU,2012,2.324421,Europe
711,Germany,DEU,2013,2.3534155,Europe
712,Germany,DEU,2014,2.2268417,Europe
713,Germany,DEU,2015,2.2373133,Europe
714,Germany,DEU,2016,2.252943,Europe
715,Germany,DEU,2017,2.1764197,Europe
716,Germany,DEU,2018,2.0485473,Europe
717,Germany,DEU,2019,1.9069612,Europe
718,Germany,DEU,2020,1.8131224,Europe
719,Germany,DEU,2021,1.8175743,Europe
732,Greece,GRC,2010,0.29179096,Europe
733,Greece,GRC,2011,0.27403137,Europe
734,Greece,GRC,2012,0.2610749,Europe
735,Greece,GRC,2013,0.23135646,Europe
736,Greece,GRC,2014,0.22103727,Europe
737,Greece,GRC,2015,0.2107161,Europe
738,Greece,GRC,2016,0.20088893,Europe
739,Greece,GRC,2017,0.20734574,Europe
740,Greece,GRC,2018,0.19491935,Europe
741,Greece,GRC,2019,0.17732388,Europe
742,Greece,GRC,2020,0.15769663,Europe
743,Greece,GRC,2021,0.15167952,Europe
828,Hungary,HUN,2010,0.156061,Europe
829,Hungary,HUN,2011,0.1455369,Europe
830,Hungary,HUN,2012,0.13356887,Europe
831,Hungary,HUN,2013,0.1234783,Europe
832,Hungary,HUN,2014,0.122914195,Europe
833,Hungary,HUN,2015,0.13120176,Europe
834,Hungary,HUN,2016,0.13262255,Europe
835,Hungary,HUN,2017,0.1371737,Europe
836,Hungary,HUN,2018,0.13431443,Europe
837,Hungary,HUN,2019,0.13277034,Europe
838,Hungary,HUN,2020,0.13408683,Europe
839,Hungary,HUN,2021,0.13052154,Europe
840,Iceland,ISL,2010,0.010839778,Europe
841,Iceland,ISL,2011,0.010131825,Europe
842,Iceland,ISL,2012,0.009972128,Europe
843,Iceland,ISL,2013,0.009853224,Europe
844,Iceland,ISL,2014,0.009658769,Europe
845,Iceland,ISL,2015,0.00993812,Europe
846,Iceland,ISL,2016,0.009810735,Europe
847,Iceland,ISL,2017,0.009977688,Europe
848,Iceland,ISL,2018,0.00993565,Europe
849,Iceland,ISL,2019,0.009563156,Europe
850,Iceland,ISL,2020,0.009439848,Europe
851,Iceland,ISL,2021,0.009091093,Europe
852,India,IND,2010,5.02481,Asia
853,India,IND,2011,5.1569343,Asia
854,India,IND,2012,5.6064076,Asia
855,India,IND,2013,5.7685776,Asia
856,India,IND,2014,6.148102,Asia
857,India,IND,2015,6.385988,Asia
858,India,IND,2016,6.710402,Asia
859,India,IND,2017,6.7453966,Asia
860,India,IND,2018,7.061344,Asia
861,India,IND,2019,7.082735,Asia
862,India,IND,2020,6.9334335,Asia
863,India,IND,2021,7.2990375,Asia
864,Indonesia,IDN,2010,1.3533776,Asia
865,Indonesia,IDN,2011,1.4637399,Asia
866,Indonesia,IDN,2012,1.4738908,Asia
867,Indonesia,IDN,2013,1.384672,Asia
868,Indonesia,IDN,2014,1.3713428,Asia
869,Indonesia,IDN,2015,1.5162288,Asia
870,Indonesia,IDN,2016,1.5557048,Asia
871,Indonesia,IDN,2017,1.5714849,Asia
872,Indonesia,IDN,2018,1.6391917,Asia
873,Indonesia,IDN,2019,1.7782907,Asia
874,Indonesia,IDN,2020,1.7291987,Asia
875,Indonesia,IDN,2021,1.6681392,Asia
876,Iran,IRN,2010,1.707727,Asia
877,Iran,IRN,2011,1.6740688,Asia
878,Iran,IRN,2012,1.6807411,Asia
879,Iran,IRN,2013,1.692995,Asia
880,Iran,IRN,2014,1.7782942,Asia
881,Iran,IRN,2015,1.7761716,Asia
882,Iran,IRN,2016,1.784212,Asia
883,Iran,IRN,2017,1.8987901,Asia
884,Iran,IRN,2018,1.9033504,Asia
885,Iran,IRN,2019,1.8956571,Asia
886,Iran,IRN,2020,2.0700321,Asia
887,Iran,IRN,2021,2.0172443,Asia
888,Iraq,IRQ,2010,0.32989055,Asia
889,Iraq,IRQ,2011,0.39224666,Asia
890,Iraq,IRQ,2012,0.43894038,Asia
891,Iraq,IRQ,2013,0.46674576,Asia
892,Iraq,IRQ,2014,0.46913102,Asia
893,Iraq,IRQ,2015,0.47306305,Asia
894,Iraq,IRQ,2016,0.54613733,Asia
895,Iraq,IRQ,2017,0.58651084,Asia
896,Iraq,IRQ,2018,0.57955825,Asia
897,Iraq,IRQ,2019,0.50468045,Asia
898,Iraq,IRQ,2020,0.49202192,Asia
899,Iraq,IRQ,2021,0.4998961,Asia
900,Ireland,IRL,2010,0.1252643,Europe
901,Ireland,IRL,2011,0.110349886,Europe
902,Ireland,IRL,2012,0.10920088,Europe
903,Ireland,IRL,2013,0.1055566,Europe
904,Ireland,IRL,2014,0.103585064,Europe
905,Ireland,IRL,2015,0.10888526,Europe
906,Ireland,IRL,2016,0.11363958,Europe
907,Ireland,IRL,2017,0.10825918,Europe
908,Ireland,IRL,2018,0.10593556,Europe
909,Ireland,IRL,2019,0.100655586,Europe
910,Ireland,IRL,2020,0.099685565,Europe
911,Ireland,IRL,2021,0.101121865,Europe
912,Israel,ISR,2010,0.20467028,Asia
913,Israel,ISR,2011,0.1989002,Asia
914,Israel,ISR,2012,0.21363269,Asia
915,Israel,ISR,2013,0.17864308,Asia
916,Israel,ISR,2014,0.1694393,Asia
917,Israel,ISR,2015,0.17700136,Asia
918,Israel,ISR,2016,0.17216623,Asia
919,Israel,ISR,2017,0.16301094,Asia
920,Israel,ISR,2018,0.16362375,Asia
921,Israel,ISR,2019,0.15814766,Asia
922,Israel,ISR,2020,0.15598902,Asia
923,Israel,ISR,2021,0.14688276,Asia
924,Italy,ITA,2010,1.307136,Europe
925,Italy,ITA,2011,1.2301913,Europe
926,Italy,ITA,2012,1.153213,Europe
927,Italy,ITA,2013,1.046682,Europe
928,Italy,ITA,2014,0.9820533,Europe
929,Italy,ITA,2015,1.0156853,Europe
930,Italy,ITA,2016,1.0082779,Europe
931,Italy,ITA,2017,0.97719467,Europe
932,Italy,ITA,2018,0.9477005,Europe
933,Italy,ITA,2019,0.9148053,Europe
934,Italy,ITA,2020,0.8571854,Europe
935,Italy,ITA,2021,0.8853805,Europe
948,Japan,JPN,2010,3.6417859,Asia
949,Japan,JPN,2011,3.6681485,Asia
950,Japan,JPN,2012,3.7312815,Asia
951,Japan,JPN,2013,3.7247975,Asia
952,Japan,JPN,2014,3.5539649,Asia
953,Japan,JPN,2015,3.441098,Asia
954,Japan,JPN,2016,3.3889248,Asia
955,Japan,JPN,2017,3.292151,Asia
956,Japan,JPN,2018,3.1048608,Asia
957,Japan,JPN,2019,2.9825761,Asia
958,Japan,JPN,2020,2.9554827,Asia
959,Japan,JPN,2021,2.8752363,Asia
960,Jordan,JOR,2010,0.06178849,Asia
961,Jordan,JOR,2011,0.061599307,Asia
962,Jordan,JOR,2012,0.06802944,Asia
963,Jordan,JOR,2013,0.067437,Asia
964,Jordan,JOR,2014,0.07279548,Asia
965,Jordan,JOR,2015,0.071873635,Asia
966,Jordan,JOR,2016,0.06827668,Asia
967,Jordan,JOR,2017,0.07044558,Asia
968,Jordan,JOR,2018,0.067776084,Asia
969,Jordan,JOR,2019,0.07099843,Asia
970,Jordan,JOR,2020,0.070729636,Asia
971,Jordan,JOR,2021,0.068941444,Asia
972,Kazakhstan,KAZ,2010,0.7402595,Asia
973,Kazakhstan,KAZ,2011,0.6873137,Asia
974,Kazakhstan,KAZ,2012,0.69679487,Asia
975,Kazakhstan,KAZ,2013,0.7119434,Asia
976,Kazakhstan,KAZ,2014,0.8366051,Asia
977,Kazakhstan,KAZ,2015,0.8472589,Asia
978,Kazakhstan,KAZ,2016,0.85811824,Asia
979,Kazakhstan,KAZ,2017,0.8886993,Asia
980,Kazakhstan,KAZ,2018,0.90103763,Asia
981,Kazakhstan,KAZ,2019,0.80245125,Asia
982,Kazakhstan,KAZ,2020,0.7894848,Asia
983,Kazakhstan,KAZ,2021,0.7452984,Asia
1008,Kuwait,KWT,2010,0.26756787,Asia
1009,Kuwait,KWT,2011,0.25013098,Asia
1010,Kuwait,KWT,2012,0.29070807,Asia
1011,Kuwait,KWT,2013,0.23704748,Asia
1012,Kuwait,KWT,2014,0.21255976,Asia
1013,Kuwait,KWT,2015,0.2599873,Asia
1014,Kuwait,KWT,2016,0.28683874,Asia
1015,Kuwait,KWT,2017,0.26577976,Asia
1016,Kuwait,KWT,2018,0.2635206,Asia
1017,Kuwait,KWT,2019,0.28142774,Asia
1018,Kuwait,KWT,2020,0.28294727,Asia
1019,Kuwait,KWT,2021,0.2858924,Asia
1020,Kyrgyzstan,KGZ,2010,0.01892428,Asia
1021,Kyrgyzstan,KGZ,2011,0.021902459,Asia
1022,Kyrgyzstan,KGZ,2012,0.028561734,Asia
1023,Kyrgyzstan,KGZ,2013,0.027345764,Asia
1024,Kyrgyzstan,KGZ,2014,0.028375821,Asia
1025,Kyrgyzstan,KGZ,2015,0.028906904,Asia
1026,Kyrgyzstan,KGZ,2016,0.027153969,Asia
1027,Kyrgyzstan,KGZ,2017,0.025897283,Asia
1028,Kyrgyzstan,KGZ,2018,0.030153636,Asia
1029,Kyrgyzstan,KGZ,2019,0.024351824,Asia
1030,Kyrgyzstan,KGZ,2020,0.024071805,Asia
1031,Kyrgyzstan,KGZ,2021,0.025073104,Asia
1032,Laos,LAO,2010,0.00900516,Asia
1033,Laos,LAO,2011,0.009192168,Asia
1034,Laos,LAO,2012,0.009706781,Asia
1035,Laos,LAO,2013,0.012064709,Asia
1036,Laos,LAO,2014,0.01250703,Asia
1037,Laos,LAO,2015,0.025955072,Asia
1038,Laos,LAO,2016,0.04632933,Asia
1039,Laos,LAO,2017,0.05453082,Asia
1040,Laos,LAO,2018,0.055824205,Asia
1041,Laos,LAO,2019,0.052844666,Asia
1042,Laos,LAO,2020,0.058098204,Asia
1043,Laos,LAO,2021,0.055968065,Asia
1044,Latvia,LVA,2010,0.025638428,Europe
1045,Latvia,LVA,2011,0.022648511,Europe
1046,Latvia,LVA,2012,0.02148018,Europe
1047,Latvia,LVA,2013,0.020862412,Europe
1048,Latvia,LVA,2014,0.020158678,Europe
1049,Latvia,LVA,2015,0.020422924,Europe
1050,Latvia,LVA,2016,0.020296944,Europe
1051,Latvia,LVA,2017,0.019987807,Europe
1052,Latvia,LVA,2018,0.021341592,Europe
1053,Latvia,LVA,2019,0.020626066,Europe
1054,Latvia,LVA,2020,0.019833531,Europe
1055,Latvia,LVA,2021,0.019572899,Europe
1056,Lebanon,LBN,2010,0.059934027,Asia
1057,Lebanon,LBN,2011,0.05875872,Asia
1058,Lebanon,LBN,2012,0.063794374,Asia
1059,Lebanon,LBN,2013,0.06275166,Asia
1060,Lebanon,LBN,2014,0.06743589,Asia
1061,Lebanon,LBN,2015,0.072372295,Asia
1062,Lebanon,LBN,2016,0.07447661,Asia
1063,Lebanon,LBN,2017,0.07714351,Asia
1064,Lebanon,LBN,2018,0.07115215,Asia
1065,Lebanon,LBN,2019,0.07119327,Asia
1066,Lebanon,LBN,2020,0.06940531,Asia
1067,Lebanon,LBN,2021,0.06723144,Asia
1104,Liechtenstein,LIE,2010,0.00057195785,Europe
1105,Liechtenstein,LIE,2011,0.00051260454,Europe
1106,Liechtenstein,LIE,2012,0.00052940514,Europe
1107,Liechtenstein,LIE,2013,0.0005451567,Europe
1108,Liechtenstein,LIE,2014,0.00045326073,Europe
1109,Liechtenstein,LIE,2015,0.0004493263,Europe
1110,Liechtenstein,LIE,2016,0.00042179145,Europe
1111,Liechtenstein,LIE,2017,0.00043153207,Europe
1112,Liechtenstein,LIE,2018,0.00038817147,Europe
1113,Liechtenstein,LIE,2019,0.00040187626,Europe
1114,Liechtenstein,LIE,2020,0.00040266462,Europe
1115,Liechtenstein,LIE,2021,0.0004066119,Europe
1116,Lithuania,LTU,2010,0.041800946,Europe
1117,Lithuania,LTU,2011,0.04144408,Europe
1118,Lithuania,LTU,2012,0.04099119,Europe
1119,Lithuania,LTU,2013,0.03781505,Europe
1120,Lithuania,LTU,2014,0.03684371,Europe
1121,Lithuania,LTU,2015,0.037458424,Europe
1122,Lithuania,LTU,2016,0.03758334,Europe
1123,Lithuania,LTU,2017,0.037598506,Europe
1124,Lithuania,LTU,2018,0.03717797,Europe
1125,Lithuania,LTU,2019,0.03754678,Europe
1126,Lithuania,LTU,2020,0.038716882,Europe
1127,Lithuania,LTU,2021,0.03739062,Europe
1128,Luxembourg,LUX,2010,0.033575255,Europe
1129,Luxembourg,LUX,2011,0.03219461,Europe
1130,Luxembourg,LUX,2012,0.03104437,Europe
1131,Luxembourg,LUX,2013,0.02923442,Europe
1132,Luxembourg,LUX,2014,0.027624708,Europe
1133,Luxembourg,LUX,2015,0.026287522,Europe
1134,Luxembourg,LUX,2016,0.025586044,Europe
1135,Luxembourg,LUX,2017,0.025656607,Europe
1136,Luxembourg,LUX,2018,0.025977675,Europe
1137,Luxembourg,LUX,2019,0.026297344,Europe
1138,Luxembourg,LUX,2020,0.022959657,Europe
1139,Luxembourg,LUX,2021,0.022504548,Europe
1164,Malaysia,MYS,2010,0.6472033,Asia
1165,Malaysia,MYS,2011,0.6292037,Asia
1166,Malaysia,MYS,2012,0.60928464,Asia
1167,Malaysia,MYS,2013,0.68565065,Asia
1168,Malaysia,MYS,2014,0.68956083,Asia
1169,Malaysia,MYS,2015,0.6628555,Asia
1170,Malaysia,MYS,2016,0.7095465,Asia
1171,Malaysia,MYS,2017,0.68760365,Asia
1172,Malaysia,MYS,2018,0.72525716,Asia
1173,Malaysia,MYS,2019,0.72582835,Asia
1174,Malaysia,MYS,2020,0.7358233,Asia
1175,Malaysia,MYS,2021,0.6897155,Asia
1176,Maldives,MDV,2010,0.0028003545,Asia
1177,Maldives,MDV,2011,0.0028579338,Asia
1178,Maldives,MDV,2012,0.0031714088,Asia
1179,Maldives,MDV,2013,0.0030914403,Asia
1180,Maldives,MDV,2014,0.0036972093,Asia
1181,Maldives,MDV,2015,0.0036888774,Asia
1182,Maldives,MDV,2016,0.0040431265,Asia
1183,Maldives,MDV,2017,0.004192157,Asia
1184,Maldives,MDV,2018,0.0047259433,Asia
1185,Maldives,MDV,2019,0.00526639,Asia
1186,Maldives,MDV,2020,0.0058448585,Asia
1187,Maldives,MDV,2021,0.005705696,Asia
1200,Malta,MLT,2010,0.007760173,Europe
1201,Malta,MLT,2011,0.0074729524,Europe
1202,Malta,MLT,2012,0.0077877673,Europe
1203,Malta,MLT,2013,0.006736251,Europe
1204,Malta,MLT,2014,0.00664573,Europe
1205,Malta,MLT,2015,0.0046832343,Europe
1206,Malta,MLT,2016,0.0038181108,Europe
1207,Malta,MLT,2017,0.004241043,Europe
1208,Malta,MLT,2018,0.004200637,Europe
1209,Malta,MLT,2019,0.004447355,Europe
1210,Malta,MLT,2020,0.0045359917,Europe
1211,Malta,MLT,2021,0.0046443297,Europe
1260,Moldova,MDA,2010,0.014479243,Europe
1261,Moldova,MDA,2011,0.014338655,Europe
1262,Moldova,MDA,2012,0.013613795,Europe
1263,Moldova,MDA,2013,0.013871656,Europe
1264,Moldova,MDA,2014,0.013375901,Europe
1265,Moldova,MDA,2015,0.01344756,Europe
1266,Moldova,MDA,2016,0.013803752,Europe
1267,Moldova,MDA,2017,0.014462557,Europe
1268,Moldova,MDA,2018,0.014786768,Europe
1269,Moldova,MDA,2019,0.014806597,Europe
1270,Moldova,MDA,2020,0.014888453,Europe
1271,Moldova,MDA,2021,0.015088709,Europe
1272,Mongolia,MNG,2010,0.041278545,Asia
1273,Mongolia,MNG,2011,0.061959166,Asia
1274,Mongolia,MNG,2012,0.09998166,Asia
1275,Mongolia,MNG,2013,0.123100296,Asia
1276,Mongolia,MNG,2014,0.08327198,Asia
1277,Mongolia,MNG,2015,0.06547585,Asia
1278,Mongolia,MNG,2016,0.07214561,Asia
1279,Mongolia,MNG,2017,0.09456633,Asia
1280,Mongolia,MNG,2018,0.12305169,Asia
1281,Mongolia,MNG,2019,0.12743059,Asia
1282,Mongolia,MNG,2020,0.14066774,Asia
1283,Mongolia,MNG,2021,0.13553528,Asia
1284,Montenegro,MNE,2010,0.007258958,Europe
1285,Montenegro,MNE,2011,0.006980158,Europe
1286,Montenegro,MNE,2012,0.006321884,Europe
1287,Montenegro,MNE,2013,0.0060895146,Europe
1288,Montenegro,MNE,2014,0.005921714,Europe
1289,Montenegro,MNE,2015,0.0062958216,Europe
1290,Montenegro,MNE,2016,0.005672754,Europe
1291,Montenegro,MNE,2017,0.005826388,Europe
1292,Montenegro,MNE,2018,0.0065168273,Europe
1293,Montenegro,MNE,2019,0.0066793235,Europe
1294,Montenegro,MNE,2020,0.0069511575,Europe
1295,Montenegro,MNE,2021,0.004717684,Europe
1344,Nepal,NPL,2010,0.014459459,Asia
1345,Nepal,NPL,2011,0.015137376,Asia
1346,Nepal,NPL,2012,0.015626494,Asia
1347,Nepal,NPL,2013,0.017604701,Asia
1348,Nepal,NPL,2014,0.021337435,Asia
1349,Nepal,NPL,2015,0.019417703,Asia
1350,Nepal,NPL,2016,0.027476365,Asia
1351,Nepal,NPL,2017,0.032267544,Asia
1352,Nepal,NPL,2018,0.040278632,Asia
1353,Nepal,NPL,2019,0.036211986,Asia
1354,Nepal,NPL,2020,0.039543048,Asia
1355,Nepal,NPL,2021,0.038177796,Asia
1356,Netherlands,NLD,2010,0.544074,Europe
1357,Netherlands,NLD,2011,0.48789284,Europe
1358,Netherlands,NLD,2012,0.47045508,Europe
1359,Netherlands,NLD,2013,0.4662463,Europe
1360,Netherlands,NLD,2014,0.44313237,Europe
1361,Netherlands,NLD,2015,0.4616117,Europe
1362,Netherlands,NLD,2016,0.46408385,Europe
1363,Netherlands,NLD,2017,0.45016244,Europe
1364,Netherlands,NLD,2018,0.43074363,Europe
1365,Netherlands,NLD,2019,0.41268134,Europe
1366,Netherlands,NLD,2020,0.39090624,Europe
1367,Netherlands,NLD,2021,0.3799321,Europe
1416,Norway,NOR,2010,0.13694558,Europe
1417,Norway,NOR,2011,0.12987787,Europe
1418,Norway,NOR,2012,0.12654875,Europe
1419,Norway,NOR,2013,0.12623727,Europe
1420,Norway,NOR,2014,0.1266136,Europe
1421,Norway,NOR,2015,0.12821102,Europe
1422,Norway,NOR,2016,0.12601273,Europe
1423,Norway,NOR,2017,0.1225651,Europe
1424,Norway,NOR,2018,0.12054632,Europe
1425,Norway,NOR,2019,0.115375,Europe
1426,Norway,NOR,2020,0.11682141,Europe
1427,Norway,NOR,2021,0.110221736,Europe
1428,Oman,OMN,2010,0.15080577,Asia
1429,Oman,OMN,2011,0.15977763,Asia
1430,Oman,OMN,2012,0.17914939,Asia
1431,Oman,OMN,2013,0.18474765,Asia
1432,Oman,OMN,2014,0.18521975,Asia
1433,Oman,OMN,2015,0.18947951,Asia
1434,Oman,OMN,2016,0.18485822,Asia
1435,Oman,OMN,2017,0.19009943,Asia
1436,Oman,OMN,2018,0.19702047,Asia
1437,Oman,OMN,2019,0.19463913,Asia
1438,Oman,OMN,2020,0.20560914,Asia
1439,Oman,OMN,2021,0.21816483,Asia
1440,Pakistan,PAK,2010,0.46129677,Asia
1441,Pakistan,PAK,2011,0.44843227,Asia
1442,Pakistan,PAK,2012,0.44245094,Asia
1443,Pakistan,PAK,2013,0.42901474,Asia
1444,Pakistan,PAK,2014,0.4399668,Asia
1445,Pakistan,PAK,2015,0.46799064,Asia
1446,Pakistan,PAK,2016,0.5511497,Asia
1447,Pakistan,PAK,2017,0.5988309,Asia
1448,Pakistan,PAK,2018,0.5568297,Asia
1449,Pakistan,PAK,2019,0.55568236,Asia
1450,Pakistan,PAK,2020,0.5965954,Asia
1451,Pakistan,PAK,2021,0.6182343,Asia
1512,Philippines,PHL,2010,0.24862674,Asia
1513,Philippines,PHL,2011,0.24282332,Asia
1514,Philippines,PHL,2012,0.25317913,Asia
1515,Philippines,PHL,2013,0.2719083,Asia
1516,Philippines,PHL,2014,0.2852463,Asia
1517,Philippines,PHL,2015,0.31623644,Asia
1518,Philippines,PHL,2016,0.34499872,Asia
1519,Philippines,PHL,2017,0.37441078,Asia
1520,Philippines,PHL,2018,0.385114,Asia
1521,Philippines,PHL,2019,0.39164436,Asia
1522,Philippines,PHL,2020,0.38470206,Asia
1523,Philippines,PHL,2021,0.3886016,Asia
1524,Poland,POL,2010,1.0038171,Europe
1525,Poland,POL,2011,0.9694581,Europe
1526,Poland,POL,2012,0.93336105,Europe
1527,Poland,POL,2013,0.91352916,Europe
1528,Poland,POL,2014,0.8722333,Europe
1529,Poland,POL,2015,0.8815195,Europe
1530,Poland,POL,2016,0.9131277,Europe
1531,Poland,POL,2017,0.9356384,Europe
1532,Poland,POL,2018,0.9152333,Europe
1533,Poland,POL,2019,0.8588611,Europe
1534,Poland,POL,2020,0.8607144,Europe
1535,Poland,POL,2021,0.88509077,Europe
1536,Portugal,PRT,2010,0.15885627,Europe
1537,Portugal,PRT,2011,0.15020603,Europe
1538,Portugal,PRT,2012,0.14271644,Europe
1539,Portugal,PRT,2013,0.13636628,Europe
1540,Portugal,PRT,2014,0.1347643,Europe
1541,Portugal,PRT,2015,0.14699773,Europe
1542,Portugal,PRT,2016,0.14199404,Europe
1543,Portugal,PRT,2017,0.15295063,Europe
1544,Portugal,PRT,2018,0.13973387,Europe
1545,Portugal,PRT,2019,0.128413,Europe
1546,Portugal,PRT,2020,0.11853389,Europe
1547,Portugal,PRT,2021,0.109894894,Europe
1548,Qatar,QAT,2010,0.21556003,Asia
1549,Qatar,QAT,2011,0.23094973,Asia
1550,Qatar,QAT,2012,0.26801696,Asia
1551,Qatar,QAT,2013,0.23780139,Asia
1552,Qatar,QAT,2014,0.2573218,Asia
1553,Qatar,QAT,2015,0.25683653,Asia
1554,Qatar,QAT,2016,0.2464368,Asia
1555,Qatar,QAT,2017,0.27753207,Asia
1556,Qatar,QAT,2018,0.25859606,Asia
1557,Qatar,QAT,2019,0.27277592,Asia
1558,Qatar,QAT,2020,0.26332945,Asia
1559,Qatar,QAT,2021,0.25769734,Asia
1560,Romania,ROU,2010,0.25366196,Europe
1561,Romania,ROU,2011,0.26605514,Europe
1562,Romania,ROU,2012,0.25778022,Europe
1563,Romania,ROU,2013,0.22347482,Europe
1564,Romania,ROU,2014,0.22051409,Europe
1565,Romania,ROU,2015,0.2193459,Europe
1566,Romania,ROU,2016,0.21678619,Europe
1567,Romania,ROU,2017,0.22174563,Europe
1568,Romania,ROU,2018,0.21863656,Europe
1569,Romania,ROU,2019,0.20772734,Europe
1570,Romania,ROU,2020,0.21023658,Europe
1571,Romania,ROU,2021,0.21368165,Europe
1572,Russian Federation,RUS,2010,4.8740277,Asia
1573,Russian Federation,RUS,2011,4.8693066,Asia
1574,Russian Federation,RUS,2012,4.8407793,Asia
1575,Russian Federation,RUS,2013,4.622744,Asia
1576,Russian Federation,RUS,2014,4.586215,Asia
1577,Russian Federation,RUS,2015,4.58318,Asia
1578,Russian Federation,RUS,2016,4.573662,Asia
1579,Russian Federation,RUS,2017,4.582558,Asia
1580,Russian Federation,RUS,2018,4.61747,Asia
1581,Russian Federation,RUS,2019,4.5637717,Asia
1582,Russian Federation,RUS,2020,4.60588,Asia
1583,Russian Federation,RUS,2021,4.7288938,Asia
1656,Saudi Arabia,SAU,2010,1.551704,Asia
1657,Saudi Arabia,SAU,2011,1.4430331,Asia
1658,Saudi Arabia,SAU,2012,1.6192112,Asia
1659,Saudi Arabia,SAU,2013,1.5418342,Asia
1660,Saudi Arabia,SAU,2014,1.722553,Asia
1661,Saudi Arabia,SAU,2015,1.9091018,Asia
1662,Saudi Arabia,SAU,2016,1.8096396,Asia
1663,Saudi Arabia,SAU,2017,1.7830933,Asia
1664,Saudi Arabia,SAU,2018,1.7003815,Asia
1665,Saudi Arabia,SAU,2019,1.7703241,Asia
1666,Saudi Arabia,SAU,2020,1.8749754,Asia
1667,Saudi Arabia,SAU,2021,1.8111804,Asia
1680,Serbia,SRB,2010,0.13696186,Europe
1681,Serbia,SRB,2011,0.14195803,Europe
1682,Serbia,SRB,2012,0.12496092,Europe
1683,Serbia,SRB,2013,0.1261895,Europe
1684,Serbia,SRB,2014,0.10458278,Europe
1685,Serbia,SRB,2015,0.12311356,Europe
1686,Serbia,SRB,2016,0.12678632,Europe
1687,Serbia,SRB,2017,0.12613204,Europe
1688,Serbia,SRB,2018,0.120349064,Europe
1689,Serbia,SRB,2019,0.11958316,Europe
1690,Serbia,SRB,2020,0.1263301,Europe
1691,Serbia,SRB,2021,0.08315136,Europe
1716,Singapore,SGP,2010,0.1650452,Asia
1717,Singapore,SGP,2011,0.09048707,Asia
1718,Singapore,SGP,2012,0.13805573,Asia
1719,Singapore,SGP,2013,0.14406319,Asia
1720,Singapore,SGP,2014,0.14686881,Asia
1721,Singapore,SGP,2015,0.1587969,Asia
1722,Singapore,SGP,2016,0.100366496,Asia
1723,Singapore,SGP,2017,0.10293624,Asia
1724,Singapore,SGP,2018,0.124963894,Asia
1725,Singapore,SGP,2019,0.08067556,Asia
1726,Singapore,SGP,2020,0.08481573,Asia
1727,Singapore,SGP,2021,0.08756336,Asia
1728,Slovakia,SVK,2010,0.115104705,Europe
1729,Slovakia,SVK,2011,0.11014244,Europe
1730,Slovakia,SVK,2012,0.102582745,Europe
1731,Slovakia,SVK,2013,0.100697525,Europe
1732,Slovakia,SVK,2014,0.09459962,Europe
1733,Slovakia,SVK,2015,0.096933685,Europe
1734,Slovakia,SVK,2016,0.098279156,Europe
1735,Slovakia,SVK,2017,0.100044094,Europe
1736,Slovakia,SVK,2018,0.098035276,Europe
1737,Slovakia,SVK,2019,0.09108376,Europe
1738,Slovakia,SVK,2020,0.08817676,Europe
1739,Slovakia,SVK,2021,0.095109254,Europe
1740,Slovenia,SVN,2010,0.049332667,Europe
1741,Slovenia,SVN,2011,0.047434032,Europe
1742,Slovenia,SVN,2012,0.045021962,Europe
1743,Slovenia,SVN,2013,0.042847294,Europe
1744,Slovenia,SVN,2014,0.038136903,Europe
1745,Slovenia,SVN,2015,0.03839667,Europe
1746,Slovenia,SVN,2016,0.04071756,Europe
1747,Slovenia,SVN,2017,0.040507887,Europe
1748,Slovenia,SVN,2018,0.039446346,Europe
1749,Slovenia,SVN,2019,0.037883423,Europe
1750,Slovenia,SVN,2020,0.036485385,Europe
1751,Slovenia,SVN,2021,0.033803955,Europe
1800,Spain,ESP,2010,0.8520553,Europe
1801,Spain,ESP,2011,0.8267815,Europe
1802,Spain,ESP,2012,0.79809976,Europe
1803,Spain,ESP,2013,0.71661496,Europe
1804,Spain,ESP,2014,0.7180348,Europe
1805,Spain,ESP,2015,0.7653983,Europe
1806,Spain,ESP,2016,0.7353515,Europe
1807,Spain,ESP,2017,0.76198906,Europe
1808,Spain,ESP,2018,0.7333095,Europe
1809,Spain,ESP,2019,0.67909324,Europe
1810,Spain,ESP,2020,0.60497737,Europe
1811,Spain,ESP,2021,0.6293785,Europe
1812,Sri Lanka,LKA,2010,0.03911657,Asia
1813,Sri Lanka,LKA,2011,0.043164514,Asia
1814,Sri Lanka,LKA,2012,0.045129348,Asia
1815,Sri Lanka,LKA,2013,0.04156112,Asia
1816,Sri Lanka,LKA,2014,0.049725156,Asia
1817,Sri Lanka,LKA,2015,0.055767942,Asia
1818,Sri Lanka,LKA,2016,0.06481107,Asia
1819,Sri Lanka,LKA,2017,0.06380203,Asia
1820,Sri Lanka,LKA,2018,0.0570093,Asia
1821,Sri Lanka,LKA,2019,0.05992066,Asia
1822,Sri Lanka,LKA,2020,0.06154613,Asia
1823,Sri Lanka,LKA,2021,0.055977248,Asia
1848,Sweden,SWE,2010,0.15971343,Europe
1849,Sweden,SWE,2011,0.14325735,Europe
1850,Sweden,SWE,2012,0.13402908,Europe
1851,Sweden,SWE,2013,0.12840421,Europe
1852,Sweden,SWE,2014,0.12220613,Europe
1853,Sweden,SWE,2015,0.1230132,Europe
1854,Sweden,SWE,2016,0.12221526,Europe
1855,Sweden,SWE,2017,0.11830499,Europe
1856,Sweden,SWE,2018,0.114305995,Europe
1857,Sweden,SWE,2019,0.1105169,Europe
1858,Sweden,SWE,2020,0.103547566,Europe
1859,Sweden,SWE,2021,0.09656581,Europe
1860,Switzerland,CHE,2010,0.13501151,Europe
1861,Switzerland,CHE,2011,0.118842505,Europe
1862,Switzerland,CHE,2012,0.12070132,Europe
1863,Switzerland,CHE,2013,0.12227831,Europe
1864,Switzerland,CHE,2014,0.110276416,Europe
1865,Switzerland,CHE,2015,0.10892402,Europe
1866,Switzerland,CHE,2016,0.11030607,Europe
1867,Switzerland,CHE,2017,0.10576758,Europe
1868,Switzerland,CHE,2018,0.10012846,Europe
1869,Switzerland,CHE,2019,0.099057525,Europe
1870,Switzerland,CHE,2020,0.09709869,Europe
1871,Switzerland,CHE,2021,0.094095014,Europe
1872,Syria,SYR,2010,0.18198024,Asia
1873,Syria,SYR,2011,0.16755494,Asia
1874,Syria,SYR,2012,0.13655585,Asia
1875,Syria,SYR,2013,0.09630343,Asia
1876,Syria,SYR,2014,0.08691176,Asia
1877,Syria,SYR,2015,0.08038884,Asia
1878,Syria,SYR,2016,0.08164164,Asia
1879,Syria,SYR,2017,0.09034969,Asia
1880,Syria,SYR,2018,0.082087316,Asia
1881,Syria,SYR,2019,0.07410214,Asia
1882,Syria,SYR,2020,0.07418263,Asia
1883,Syria,SYR,2021,0.0727316,Asia
1884,Tajikistan,TJK,2010,0.007602172,Asia
1885,Tajikistan,TJK,2011,0.006787297,Asia
1886,Tajikistan,TJK,2012,0.008379675,Asia
1887,Tajikistan,TJK,2013,0.008230348,Asia
1888,Tajikistan,TJK,2014,0.012929849,Asia
1889,Tajikistan,TJK,2015,0.014911405,Asia
1890,Tajikistan,TJK,2016,0.01811887,Asia
1891,Tajikistan,TJK,2017,0.021770166,Asia
1892,Tajikistan,TJK,2018,0.024732986,Asia
1893,Tajikistan,TJK,2019,0.026514273,Asia
1894,Tajikistan,TJK,2020,0.026752552,Asia
1895,Tajikistan,TJK,2021,0.02784304,Asia
1908,Thailand,THA,2010,0.7846278,Asia
1909,Thailand,THA,2011,0.7509454,Asia
1910,Thailand,THA,2012,0.790935,Asia
1911,Thailand,THA,2013,0.8221152,Asia
1912,Thailand,THA,2014,0.8038216,Asia
1913,Thailand,THA,2015,0.81392413,Asia
1914,Thailand,THA,2016,0.8121555,Asia
1915,Thailand,THA,2017,0.8119132,Asia
1916,Thailand,THA,2018,0.76603895,Asia
1917,Thailand,THA,2019,0.78268397,Asia
1918,Thailand,THA,2020,0.7865465,Asia
1919,Thailand,THA,2021,0.75018,Asia
1968,Turkey,TUR,2010,0.94722813,Asia
1969,Turkey,TUR,2011,0.99127847,Asia
1970,Turkey,TUR,2012,1.0166254,Asia
1971,Turkey,TUR,2013,0.9829007,Asia
1972,Turkey,TUR,2014,1.0227418,Asia
1973,Turkey,TUR,2015,1.0808378,Asia
1974,Turkey,TUR,2016,1.1409254,Asia
1975,Turkey,TUR,2017,1.1918539,Asia
1976,Turkey,TUR,2018,1.1474584,Asia
1977,Turkey,TUR,2019,1.0833118,Asia
1978,Turkey,TUR,2020,1.1723913,Asia
1979,Turkey,TUR,2021,1.201934,Asia
1980,Turkmenistan,TKM,2010,0.17117085,Asia
1981,Turkmenistan,TKM,2011,0.18030804,Asia
1982,Turkmenistan,TKM,2012,0.19749917,Asia
1983,Turkmenistan,TKM,2013,0.19991606,Asia
1984,Turkmenistan,TKM,2014,0.20174567,Asia
1985,Turkmenistan,TKM,2015,0.20725046,Asia
1986,Turkmenistan,TKM,2016,0.20679908,Asia
1987,Turkmenistan,TKM,2017,0.20322819,Asia
1988,Turkmenistan,TKM,2018,0.19891116,Asia
1989,Turkmenistan,TKM,2019,0.20160864,Asia
1990,Turkmenistan,TKM,2020,0.20427565,Asia
1991,Turkmenistan,TKM,2021,0.22359428,Asia
2016,Ukraine,UKR,2010,0.8815118,Europe
2017,Ukraine,UKR,2011,0.8929624,Europe
2018,Ukraine,UKR,2012,0.8683479,Europe
2019,Ukraine,UKR,2013,0.8416136,Europe
2020,Ukraine,UKR,2014,0.7238017,Europe
2021,Ukraine,UKR,2015,0.62945193,Europe
2022,Ukraine,UKR,2016,0.65872985,Europe
2023,Ukraine,UKR,2017,0.6180256,Europe
2024,Ukraine,UKR,2018,0.62909764,Europe
2025,Ukraine,UKR,2019,0.59881705,Europe
2026,Ukraine,UKR,2020,0.58683264,Europe
2027,Ukraine,UKR,2021,0.54374135,Europe
2028,United Arab Emirates,ARE,2010,0.5413613,Asia
2029,United Arab Emirates,ARE,2011,0.55960584,Asia
2030,United Arab Emirates,ARE,2012,0.5752467,Asia
2031,United Arab Emirates,ARE,2013,0.5825669,Asia
2032,United Arab Emirates,ARE,2014,0.5669684,Asia
2033,United Arab Emirates,ARE,2015,0.60850906,Asia
2034,United Arab Emirates,ARE,2016,0.5977457,Asia
2035,United Arab Emirates,ARE,2017,0.59328353,Asia
2036,United Arab Emirates,ARE,2018,0.5708344,Asia
2037,United Arab Emirates,ARE,2019,0.5622474,Asia
2038,United Arab Emirates,ARE,2020,0.56455296,Asia
2039,United Arab Emirates,ARE,2021,0.5497454,Asia
2040,United Kingdom,GBR,2010,1.5342861,Europe
2041,United Kingdom,GBR,2011,1.3620006,Europe
2042,United Kingdom,GBR,2012,1.3925412,Europe
2043,United Kingdom,GBR,2013,1.3522708,Europe
2044,United Kingdom,GBR,2014,1.2333823,Europe
2045,United Kingdom,GBR,2015,1.1880703,Europe
2046,United Kingdom,GBR,2016,1.124389,Europe
2047,United Kingdom,GBR,2017,1.0731361,Europe
2048,United Kingdom,GBR,2018,1.0311315,Europe
2049,United Kingdom,GBR,2019,0.9836249,Europe
2050,United Kingdom,GBR,2020,0.9251996,Europe
2051,United Kingdom,GBR,2021,0.93409806,Europe
2064,Uzbekistan,UZB,2010,0.31218004,Asia
2065,Uzbekistan,UZB,2011,0.32848167,Asia
2066,Uzbekistan,UZB,2012,0.33952403,Asia
2067,Uzbekistan,UZB,2013,0.3179063,Asia
2068,Uzbekistan,UZB,2014,0.3018744,Asia
2069,Uzbekistan,UZB,2015,0.29162008,Asia
2070,Uzbekistan,UZB,2016,0.31003967,Asia
2071,Uzbekistan,UZB,2017,0.30177453,Asia
2072,Uzbekistan,UZB,2018,0.31625074,Asia
2073,Uzbekistan,UZB,2019,0.3203607,Asia
2074,Uzbekistan,UZB,2020,0.3352978,Asia
2075,Uzbekistan,UZB,2021,0.32763702,Asia
2100,Vietnam,VNM,2010,0.41536894,Asia
2101,Vietnam,VNM,2011,0.43850407,Asia
2102,Vietnam,VNM,2012,0.41242045,Asia
2103,Vietnam,VNM,2013,0.42899704,Asia
2104,Vietnam,VNM,2014,0.5166883,Asia
2105,Vietnam,VNM,2015,0.61231023,Asia
2106,Vietnam,VNM,2016,0.63646716,Asia
2107,Vietnam,VNM,2017,0.6456006,Asia
2108,Vietnam,VNM,2018,0.744635,Asia
2109,Vietnam,VNM,2019,0.919583,Asia
2110,Vietnam,VNM,2020,0.93267614,Asia
2111,Vietnam,VNM,2021,0.8781785,Asia
2112,Yemen,YEM,2010,0.06938721,Asia
2113,Yemen,YEM,2011,0.058544338,Asia
2114,Yemen,YEM,2012,0.05814898,Asia
2115,Yemen,YEM,2013,0.076899834,Asia
2116,Yemen,YEM,2014,0.07441934,Asia
2117,Yemen,YEM,2015,0.039606616,Asia
2118,Yemen,YEM,2016,0.030687638,Asia
2119,Yemen,YEM,2017,0.029334009,Asia
2120,Yemen,YEM,2018,0.028441947,Asia
2121,Yemen,YEM,2019,0.034204334,Asia
2122,Yemen,YEM,2020,0.034426335,Asia
2123,Yemen,YEM,2021,0.033608034,Asia
