,Domain,Country,Element,Year,Unit,Value,Continent
0,Annual population,Afghanistan,Total Population - Both sexes,2010,1000 persons,28189.672,Asia
1,Annual population,Afghanistan,Total Population - Both sexes,2011,1000 persons,29249.157,Asia
2,Annual population,Afghanistan,Total Population - Both sexes,2012,1000 persons,30466.479,Asia
3,Annual population,Afghanistan,Total Population - Both sexes,2013,1000 persons,31541.209,Asia
4,Annual population,Afghanistan,Total Population - Both sexes,2014,1000 persons,32716.21,Asia
5,Annual population,Afghanistan,Total Population - Both sexes,2015,1000 persons,33753.499,Asia
6,Annual population,Afghanistan,Total Population - Both sexes,2016,1000 persons,34636.207,Asia
7,Annual population,Afghanistan,Total Population - Both sexes,2017,1000 persons,35643.418,Asia
8,Annual population,Afghanistan,Total Population - Both sexes,2018,1000 persons,36686.784,Asia
9,Annual population,Afghanistan,Total Population - Both sexes,2019,1000 persons,37769.499,Asia
10,Annual population,Afghanistan,Total Population - Both sexes,2020,1000 persons,38972.23,Asia
11,Annual population,Afghanistan,Total Population - Both sexes,2021,1000 persons,40099.462,Asia
12,Annual population,Albania,Total Population - Both sexes,2010,1000 persons,2913.399,Europe
13,Annual population,Albania,Total Population - Both sexes,2011,1000 persons,2900.654,Europe
14,Annual population,Albania,Total Population - Both sexes,2012,1000 persons,2892.193,Europe
15,Annual population,Albania,Total Population - Both sexes,2013,1000 persons,2887.014,Europe
16,Annual population,Albania,Total Population - Both sexes,2014,1000 persons,2884.102,Europe
17,Annual population,Albania,Total Population - Both sexes,2015,1000 persons,2882.481,Europe
18,Annual population,Albania,Total Population - Both sexes,2016,1000 persons,2881.063,Europe
19,Annual population,Albania,Total Population - Both sexes,2017,1000 persons,2879.355,Europe
20,Annual population,Albania,Total Population - Both sexes,2018,1000 persons,2877.013,Europe
21,Annual population,Albania,Total Population - Both sexes,2019,1000 persons,2873.883,Europe
22,Annual population,Albania,Total Population - Both sexes,2020,1000 persons,2866.849,Europe
23,Annual population,Albania,Total Population - Both sexes,2021,1000 persons,2854.71,Europe
36,Annual population,Andorra,Total Population - Both sexes,2010,1000 persons,71.519,Europe
37,Annual population,Andorra,Total Population - Both sexes,2011,1000 persons,70.567,Europe
38,Annual population,Andorra,Total Population - Both sexes,2012,1000 persons,71.013,Europe
39,Annual population,Andorra,Total Population - Both sexes,2013,1000 persons,71.367,Europe
40,Annual population,Andorra,Total Population - Both sexes,2014,1000 persons,71.621,Europe
41,Annual population,Andorra,Total Population - Both sexes,2015,1000 persons,71.746,Europe
42,Annual population,Andorra,Total Population - Both sexes,2016,1000 persons,72.54,Europe
43,Annual population,Andorra,Total Population - Both sexes,2017,1000 persons,73.837,Europe
44,Annual population,Andorra,Total Population - Both sexes,2018,1000 persons,75.013,Europe
45,Annual population,Andorra,Total Population - Both sexes,2019,1000 persons,76.343,Europe
46,Annual population,Andorra,Total Population - Both sexes,2020,1000 persons,77.7,Europe
47,Annual population,Andorra,Total Population - Both sexes,2021,1000 persons,79.034,Europe
84,Annual population,Armenia,Total Population - Both sexes,2010,1000 persons,2946.293,Europe
85,Annual population,Armenia,Total Population - Both sexes,2011,1000 persons,2928.976,Europe
86,Annual population,Armenia,Total Population - Both sexes,2012,1000 persons,2914.421,Europe
87,Annual population,Armenia,Total Population - Both sexes,2013,1000 persons,2901.385,Europe
88,Annual population,Armenia,Total Population - Both sexes,2014,1000 persons,2889.93,Europe
89,Annual population,Armenia,Total Population - Both sexes,2015,1000 persons,2878.595,Europe
90,Annual population,Armenia,Total Population - Both sexes,2016,1000 persons,2865.835,Europe
91,Annual population,Armenia,Total Population - Both sexes,2017,1000 persons,2851.923,Europe
92,Annual population,Armenia,Total Population - Both sexes,2018,1000 persons,2836.557,Europe
93,Annual population,Armenia,Total Population - Both sexes,2019,1000 persons,2820.602,Europe
94,Annual population,Armenia,Total Population - Both sexes,2020,1000 persons,2805.608,Europe
95,Annual population,Armenia,Total Population - Both sexes,2021,1000 persons,2790.974,Europe
108,Annual population,Austria,Total Population - Both sexes,2010,1000 persons,8362.829,Europe
109,Annual population,Austria,Total Population - Both sexes,2011,1000 persons,8391.2,Europe
110,Annual population,Austria,Total Population - Both sexes,2012,1000 persons,8429.637,Europe
111,Annual population,Austria,Total Population - Both sexes,2013,1000 persons,8479.539,Europe
112,Annual population,Austria,Total Population - Both sexes,2014,1000 persons,8546.066,Europe
113,Annual population,Austria,Total Population - Both sexes,2015,1000 persons,8642.421,Europe
114,Annual population,Austria,Total Population - Both sexes,2016,1000 persons,8736.487,Europe
115,Annual population,Austria,Total Population - Both sexes,2017,1000 persons,8797.496,Europe
116,Annual population,Austria,Total Population - Both sexes,2018,1000 persons,8840.513,Europe
117,Annual population,Austria,Total Population - Both sexes,2019,1000 persons,8879.94,Europe
118,Annual population,Austria,Total Population - Both sexes,2020,1000 persons,8907.777,Europe
119,Annual population,Austria,Total Population - Both sexes,2021,1000 persons,8922.082,Europe
120,Annual population,Azerbaijan,Total Population - Both sexes,2010,1000 persons,9237.202,Europe
121,Annual population,Azerbaijan,Total Population - Both sexes,2011,1000 persons,9359.014,Europe
122,Annual population,Azerbaijan,Total Population - Both sexes,2012,1000 persons,9485.576,Europe
123,Annual population,Azerbaijan,Total Population - Both sexes,2013,1000 persons,9614.478,Europe
124,Annual population,Azerbaijan,Total Population - Both sexes,2014,1000 persons,9741.88,Europe
125,Annual population,Azerbaijan,Total Population - Both sexes,2015,1000 persons,9863.48,Europe
126,Annual population,Azerbaijan,Total Population - Both sexes,2016,1000 persons,9976.248,Europe
127,Annual population,Azerbaijan,Total Population - Both sexes,2017,1000 persons,10071.567,Europe
128,Annual population,Azerbaijan,Total Population - Both sexes,2018,1000 persons,10152.522,Europe
129,Annual population,Azerbaijan,Total Population - Both sexes,2019,1000 persons,10232.753,Europe
130,Annual population,Azerbaijan,Total Population - Both sexes,2020,1000 persons,10284.951,Europe
131,Annual population,Azerbaijan,Total Population - Both sexes,2021,1000 persons,10312.992,Europe
144,Annual population,Bahrain,Total Population - Both sexes,2010,1000 persons,1213.645,Asia
145,Annual population,Bahrain,Total Population - Both sexes,2011,1000 persons,1212.077,Asia
146,Annual population,Bahrain,Total Population - Both sexes,2012,1000 persons,1224.939,Asia
147,Annual population,Bahrain,Total Population - Both sexes,2013,1000 persons,1261.673,Asia
148,Annual population,Bahrain,Total Population - Both sexes,2014,1000 persons,1311.134,Asia
149,Annual population,Bahrain,Total Population - Both sexes,2015,1000 persons,1362.142,Asia
150,Annual population,Bahrain,Total Population - Both sexes,2016,1000 persons,1409.661,Asia
151,Annual population,Bahrain,Total Population - Both sexes,2017,1000 persons,1456.834,Asia
152,Annual population,Bahrain,Total Population - Both sexes,2018,1000 persons,1487.34,Asia
153,Annual population,Bahrain,Total Population - Both sexes,2019,1000 persons,1494.188,Asia
154,Annual population,Bahrain,Total Population - Both sexes,2020,1000 persons,1477.469,Asia
155,Annual population,Bahrain,Total Population - Both sexes,2021,1000 persons,1463.265,Asia
156,Annual population,Bangladesh,Total Population - Both sexes,2010,1000 persons,148391.139,Asia
157,Annual population,Bangladesh,Total Population - Both sexes,2011,1000 persons,150211.005,Asia
158,Annual population,Bangladesh,Total Population - Both sexes,2012,1000 persons,152090.649,Asia
159,Annual population,Bangladesh,Total Population - Both sexes,2013,1000 persons,154030.139,Asia
160,Annual population,Bangladesh,Total Population - Both sexes,2014,1000 persons,155961.299,Asia
161,Annual population,Bangladesh,Total Population - Both sexes,2015,1000 persons,157830.0,Asia
162,Annual population,Bangladesh,Total Population - Both sexes,2016,1000 persons,159784.568,Asia
163,Annual population,Bangladesh,Total Population - Both sexes,2017,1000 persons,161793.964,Asia
164,Annual population,Bangladesh,Total Population - Both sexes,2018,1000 persons,163683.958,Asia
165,Annual population,Bangladesh,Total Population - Both sexes,2019,1000 persons,165516.222,Asia
166,Annual population,Bangladesh,Total Population - Both sexes,2020,1000 persons,167420.951,Asia
167,Annual population,Bangladesh,Total Population - Both sexes,2021,1000 persons,169356.251,Asia
180,Annual population,Belarus,Total Population - Both sexes,2010,1000 persons,9731.427,Europe
181,Annual population,Belarus,Total Population - Both sexes,2011,1000 persons,9706.981,Europe
182,Annual population,Belarus,Total Population - Both sexes,2012,1000 persons,9693.749,Europe
183,Annual population,Belarus,Total Population - Both sexes,2013,1000 persons,9691.137,Europe
184,Annual population,Belarus,Total Population - Both sexes,2014,1000 persons,9693.739,Europe
185,Annual population,Belarus,Total Population - Both sexes,2015,1000 persons,9700.609,Europe
186,Annual population,Belarus,Total Population - Both sexes,2016,1000 persons,9708.11,Europe
187,Annual population,Belarus,Total Population - Both sexes,2017,1000 persons,9707.876,Europe
188,Annual population,Belarus,Total Population - Both sexes,2018,1000 persons,9695.574,Europe
189,Annual population,Belarus,Total Population - Both sexes,2019,1000 persons,9673.971,Europe
190,Annual population,Belarus,Total Population - Both sexes,2020,1000 persons,9633.74,Europe
191,Annual population,Belarus,Total Population - Both sexes,2021,1000 persons,9578.167,Europe
192,Annual population,Belgium,Total Population - Both sexes,2010,1000 persons,10877.947,Europe
193,Annual population,Belgium,Total Population - Both sexes,2011,1000 persons,10955.743,Europe
194,Annual population,Belgium,Total Population - Both sexes,2012,1000 persons,11031.139,Europe
195,Annual population,Belgium,Total Population - Both sexes,2013,1000 persons,11103.257,Europe
196,Annual population,Belgium,Total Population - Both sexes,2014,1000 persons,11176.723,Europe
197,Annual population,Belgium,Total Population - Both sexes,2015,1000 persons,11248.303,Europe
198,Annual population,Belgium,Total Population - Both sexes,2016,1000 persons,11316.836,Europe
199,Annual population,Belgium,Total Population - Both sexes,2017,1000 persons,11384.489,Europe
200,Annual population,Belgium,Total Population - Both sexes,2018,1000 persons,11448.595,Europe
201,Annual population,Belgium,Total Population - Both sexes,2019,1000 persons,11510.568,Europe
202,Annual population,Belgium,Total Population - Both sexes,2020,1000 persons,11561.717,Europe
203,Annual population,Belgium,Total Population - Both sexes,2021,1000 persons,11611.419,Europe
228,Annual population,Bhutan,Total Population - Both sexes,2010,1000 persons,705.516,Asia
229,Annual population,Bhutan,Total Population - Both sexes,2011,1000 persons,713.331,Asia
230,Annual population,Bhutan,Total Population - Both sexes,2012,1000 persons,721.145,Asia
231,Annual population,Bhutan,Total Population - Both sexes,2013,1000 persons,728.889,Asia
232,Annual population,Bhutan,Total Population - Both sexes,2014,1000 persons,736.357,Asia
233,Annual population,Bhutan,Total Population - Both sexes,2015,1000 persons,743.274,Asia
234,Annual population,Bhutan,Total Population - Both sexes,2016,1000 persons,749.761,Asia
235,Annual population,Bhutan,Total Population - Both sexes,2017,1000 persons,756.121,Asia
236,Annual population,Bhutan,Total Population - Both sexes,2018,1000 persons,762.096,Asia
237,Annual population,Bhutan,Total Population - Both sexes,2019,1000 persons,767.459,Asia
238,Annual population,Bhutan,Total Population - Both sexes,2020,1000 persons,772.506,Asia
239,Annual population,Bhutan,Total Population - Both sexes,2021,1000 persons,777.486,Asia
240,Annual population,Bosnia and Herzegovina,Total Population - Both sexes,2010,1000 persons,3811.088,Europe
241,Annual population,Bosnia and Herzegovina,Total Population - Both sexes,2011,1000 persons,3743.142,Europe
242,Annual population,Bosnia and Herzegovina,Total Population - Both sexes,2012,1000 persons,3674.374,Europe
243,Annual population,Bosnia and Herzegovina,Total Population - Both sexes,2013,1000 persons,3617.559,Europe
244,Annual population,Bosnia and Herzegovina,Total Population - Both sexes,2014,1000 persons,3571.068,Europe
245,Annual population,Bosnia and Herzegovina,Total Population - Both sexes,2015,1000 persons,3524.324,Europe
246,Annual population,Bosnia and Herzegovina,Total Population - Both sexes,2016,1000 persons,3480.986,Europe
247,Annual population,Bosnia and Herzegovina,Total Population - Both sexes,2017,1000 persons,3440.027,Europe
248,Annual population,Bosnia and Herzegovina,Total Population - Both sexes,2018,1000 persons,3400.129,Europe
249,Annual population,Bosnia and Herzegovina,Total Population - Both sexes,2019,1000 persons,3360.711,Europe
250,Annual population,Bosnia and Herzegovina,Total Population - Both sexes,2020,1000 persons,3318.407,Europe
251,Annual population,Bosnia and Herzegovina,Total Population - Both sexes,2021,1000 persons,3270.943,Europe
276,Annual population,Bulgaria,Total Population - Both sexes,2010,1000 persons,7592.273,Europe
277,Annual population,Bulgaria,Total Population - Both sexes,2011,1000 persons,7543.13,Europe
278,Annual population,Bulgaria,Total Population - Both sexes,2012,1000 persons,7488.344,Europe
279,Annual population,Bulgaria,Total Population - Both sexes,2013,1000 persons,7431.167,Europe
280,Annual population,Bulgaria,Total Population - Both sexes,2014,1000 persons,7372.141,Europe
281,Annual population,Bulgaria,Total Population - Both sexes,2015,1000 persons,7309.253,Europe
282,Annual population,Bulgaria,Total Population - Both sexes,2016,1000 persons,7245.975,Europe
283,Annual population,Bulgaria,Total Population - Both sexes,2017,1000 persons,7182.428,Europe
284,Annual population,Bulgaria,Total Population - Both sexes,2018,1000 persons,7117.431,Europe
285,Annual population,Bulgaria,Total Population - Both sexes,2019,1000 persons,7052.532,Europe
286,Annual population,Bulgaria,Total Population - Both sexes,2020,1000 persons,6979.175,Europe
287,Annual population,Bulgaria,Total Population - Both sexes,2021,1000 persons,6885.868,Europe
300,Annual population,Cambodia,Total Population - Both sexes,2010,1000 persons,14363.532,Asia
301,Annual population,Cambodia,Total Population - Both sexes,2011,1000 persons,14573.885,Asia
302,Annual population,Cambodia,Total Population - Both sexes,2012,1000 persons,14786.64,Asia
303,Annual population,Cambodia,Total Population - Both sexes,2013,1000 persons,14999.683,Asia
304,Annual population,Cambodia,Total Population - Both sexes,2014,1000 persons,15210.817,Asia
305,Annual population,Cambodia,Total Population - Both sexes,2015,1000 persons,15417.523,Asia
306,Annual population,Cambodia,Total Population - Both sexes,2016,1000 persons,15624.584,Asia
307,Annual population,Cambodia,Total Population - Both sexes,2017,1000 persons,15830.689,Asia
308,Annual population,Cambodia,Total Population - Both sexes,2018,1000 persons,16025.238,Asia
309,Annual population,Cambodia,Total Population - Both sexes,2019,1000 persons,16207.746,Asia
310,Annual population,Cambodia,Total Population - Both sexes,2020,1000 persons,16396.86,Asia
311,Annual population,Cambodia,Total Population - Both sexes,2021,1000 persons,16589.023,Asia
372,Annual population,China,Total Population - Both sexes,2010,1000 persons,1378964.186,Asia
373,Annual population,China,Total Population - Both sexes,2011,1000 persons,1387984.919,Asia
374,Annual population,China,Total Population - Both sexes,2012,1000 persons,1397611.702,Asia
375,Annual population,China,Total Population - Both sexes,2013,1000 persons,1407320.843,Asia
376,Annual population,China,Total Population - Both sexes,2014,1000 persons,1416568.531,Asia
377,Annual population,China,Total Population - Both sexes,2015,1000 persons,1425242.661,Asia
378,Annual population,China,Total Population - Both sexes,2016,1000 persons,1433546.767,Asia
379,Annual population,China,Total Population - Both sexes,2017,1000 persons,1442041.109,Asia
380,Annual population,China,Total Population - Both sexes,2018,1000 persons,1448928.199,Asia
381,Annual population,China,Total Population - Both sexes,2019,1000 persons,1453801.543,Asia
382,Annual population,China,Total Population - Both sexes,2020,1000 persons,1456928.486,Asia
383,Annual population,China,Total Population - Both sexes,2021,1000 persons,1457934.562,Asia
432,Annual population,Croatia,Total Population - Both sexes,2010,1000 persons,4368.682,Europe
433,Annual population,Croatia,Total Population - Both sexes,2011,1000 persons,4351.842,Europe
434,Annual population,Croatia,Total Population - Both sexes,2012,1000 persons,4331.595,Europe
435,Annual population,Croatia,Total Population - Both sexes,2013,1000 persons,4308.854,Europe
436,Annual population,Croatia,Total Population - Both sexes,2014,1000 persons,4283.972,Europe
437,Annual population,Croatia,Total Population - Both sexes,2015,1000 persons,4254.815,Europe
438,Annual population,Croatia,Total Population - Both sexes,2016,1000 persons,4223.751,Europe
439,Annual population,Croatia,Total Population - Both sexes,2017,1000 persons,4192.467,Europe
440,Annual population,Croatia,Total Population - Both sexes,2018,1000 persons,4160.485,Europe
441,Annual population,Croatia,Total Population - Both sexes,2019,1000 persons,4129.752,Europe
442,Annual population,Croatia,Total Population - Both sexes,2020,1000 persons,4096.869,Europe
443,Annual population,Croatia,Total Population - Both sexes,2021,1000 persons,4060.135,Europe
456,Annual population,Cyprus,Total Population - Both sexes,2010,1000 persons,1129.686,Europe
457,Annual population,Cyprus,Total Population - Both sexes,2011,1000 persons,1145.086,Europe
458,Annual population,Cyprus,Total Population - Both sexes,2012,1000 persons,1156.556,Europe
459,Annual population,Cyprus,Total Population - Both sexes,2013,1000 persons,1166.968,Europe
460,Annual population,Cyprus,Total Population - Both sexes,2014,1000 persons,1176.995,Europe
461,Annual population,Cyprus,Total Population - Both sexes,2015,1000 persons,1187.28,Europe
462,Annual population,Cyprus,Total Population - Both sexes,2016,1000 persons,1197.881,Europe
463,Annual population,Cyprus,Total Population - Both sexes,2017,1000 persons,1208.523,Europe
464,Annual population,Cyprus,Total Population - Both sexes,2018,1000 persons,1218.831,Europe
465,Annual population,Cyprus,Total Population - Both sexes,2019,1000 persons,1228.836,Europe
466,Annual population,Cyprus,Total Population - Both sexes,2020,1000 persons,1237.537,Europe
467,Annual population,Cyprus,Total Population - Both sexes,2021,1000 persons,1244.188,Europe
468,Annual population,Denmark,Total Population - Both sexes,2010,1000 persons,5550.849,Europe
469,Annual population,Denmark,Total Population - Both sexes,2011,1000 persons,5576.016,Europe
470,Annual population,Denmark,Total Population - Both sexes,2012,1000 persons,5600.959,Europe
471,Annual population,Denmark,Total Population - Both sexes,2013,1000 persons,5625.385,Europe
472,Annual population,Denmark,Total Population - Both sexes,2014,1000 persons,5650.653,Europe
473,Annual population,Denmark,Total Population - Both sexes,2015,1000 persons,5677.796,Europe
474,Annual population,Denmark,Total Population - Both sexes,2016,1000 persons,5706.857,Europe
475,Annual population,Denmark,Total Population - Both sexes,2017,1000 persons,5737.284,Europe
476,Annual population,Denmark,Total Population - Both sexes,2018,1000 persons,5766.686,Europe
477,Annual population,Denmark,Total Population - Both sexes,2019,1000 persons,5795.878,Europe
478,Annual population,Denmark,Total Population - Both sexes,2020,1000 persons,5825.641,Europe
479,Annual population,Denmark,Total Population - Both sexes,2021,1000 persons,5854.24,Europe
576,Annual population,Estonia,Total Population - Both sexes,2010,1000 persons,1331.535,Europe
577,Annual population,Estonia,Total Population - Both sexes,2011,1000 persons,1327.429,Europe
578,Annual population,Estonia,Total Population - Both sexes,2012,1000 persons,1322.682,Europe
579,Annual population,Estonia,Total Population - Both sexes,2013,1000 persons,1317.982,Europe
580,Annual population,Estonia,Total Population - Both sexes,2014,1000 persons,1314.526,Europe
581,Annual population,Estonia,Total Population - Both sexes,2015,1000 persons,1314.657,Europe
582,Annual population,Estonia,Total Population - Both sexes,2016,1000 persons,1315.926,Europe
583,Annual population,Estonia,Total Population - Both sexes,2017,1000 persons,1317.549,Europe
584,Annual population,Estonia,Total Population - Both sexes,2018,1000 persons,1322.148,Europe
585,Annual population,Estonia,Total Population - Both sexes,2019,1000 persons,1327.039,Europe
586,Annual population,Estonia,Total Population - Both sexes,2020,1000 persons,1329.444,Europe
587,Annual population,Estonia,Total Population - Both sexes,2021,1000 persons,1328.701,Europe
612,Annual population,Finland,Total Population - Both sexes,2010,1000 persons,5363.271,Europe
613,Annual population,Finland,Total Population - Both sexes,2011,1000 persons,5388.166,Europe
614,Annual population,Finland,Total Population - Both sexes,2012,1000 persons,5413.859,Europe
615,Annual population,Finland,Total Population - Both sexes,2013,1000 persons,5438.872,Europe
616,Annual population,Finland,Total Population - Both sexes,2014,1000 persons,5461.44,Europe
617,Annual population,Finland,Total Population - Both sexes,2015,1000 persons,5479.461,Europe
618,Annual population,Finland,Total Population - Both sexes,2016,1000 persons,5495.219,Europe
619,Annual population,Finland,Total Population - Both sexes,2017,1000 persons,5508.14,Europe
620,Annual population,Finland,Total Population - Both sexes,2018,1000 persons,5515.461,Europe
621,Annual population,Finland,Total Population - Both sexes,2019,1000 persons,5521.537,Europe
622,Annual population,Finland,Total Population - Both sexes,2020,1000 persons,5529.468,Europe
623,Annual population,Finland,Total Population - Both sexes,2021,1000 persons,5535.992,Europe
624,Annual population,France,Total Population - Both sexes,2010,1000 persons,62444.567,Europe
625,Annual population,France,Total Population - Both sexes,2011,1000 persons,62775.268,Europe
626,Annual population,France,Total Population - Both sexes,2012,1000 persons,63071.416,Europe
627,Annual population,France,Total Population - Both sexes,2013,1000 persons,63335.18,Europe
628,Annual population,France,Total Population - Both sexes,2014,1000 persons,63588.491,Europe
629,Annual population,France,Total Population - Both sexes,2015,1000 persons,63809.769,Europe
630,Annual population,France,Total Population - Both sexes,2016,1000 persons,63989.319,Europe
631,Annual population,France,Total Population - Both sexes,2017,1000 persons,64144.086,Europe
632,Annual population,France,Total Population - Both sexes,2018,1000 persons,64277.808,Europe
633,Annual population,France,Total Population - Both sexes,2019,1000 persons,64399.759,Europe
634,Annual population,France,Total Population - Both sexes,2020,1000 persons,64480.053,Europe
635,Annual population,France,Total Population - Both sexes,2021,1000 persons,64531.444,Europe
660,Annual population,Georgia,Total Population - Both sexes,2010,1000 persons,3836.831,Europe
661,Annual population,Georgia,Total Population - Both sexes,2011,1000 persons,3821.662,Europe
662,Annual population,Georgia,Total Population - Both sexes,2012,1000 persons,3804.356,Europe
663,Annual population,Georgia,Total Population - Both sexes,2013,1000 persons,3786.023,Europe
664,Annual population,Georgia,Total Population - Both sexes,2014,1000 persons,3774.235,Europe
665,Annual population,Georgia,Total Population - Both sexes,2015,1000 persons,3771.132,Europe
666,Annual population,Georgia,Total Population - Both sexes,2016,1000 persons,3771.11,Europe
667,Annual population,Georgia,Total Population - Both sexes,2017,1000 persons,3771.9,Europe
668,Annual population,Georgia,Total Population - Both sexes,2018,1000 persons,3772.325,Europe
669,Annual population,Georgia,Total Population - Both sexes,2019,1000 persons,3770.811,Europe
670,Annual population,Georgia,Total Population - Both sexes,2020,1000 persons,3765.912,Europe
671,Annual population,Georgia,Total Population - Both sexes,2021,1000 persons,3757.98,Europe
672,Annual population,Germany,Total Population - Both sexes,2010,1000 persons,81325.09,Europe
673,Annual population,Germany,Total Population - Both sexes,2011,1000 persons,81423.378,Europe
674,Annual population,Germany,Total Population - Both sexes,2012,1000 persons,81545.565,Europe
675,Annual population,Germany,Total Population - Both sexes,2013,1000 persons,81680.591,Europe
676,Annual population,Germany,Total Population - Both sexes,2014,1000 persons,81858.825,Europe
677,Annual population,Germany,Total Population - Both sexes,2015,1000 persons,82073.226,Europe
678,Annual population,Germany,Total Population - Both sexes,2016,1000 persons,82331.423,Europe
679,Annual population,Germany,Total Population - Both sexes,2017,1000 persons,82624.374,Europe
680,Annual population,Germany,Total Population - Both sexes,2018,1000 persons,82896.696,Europe
681,Annual population,Germany,Total Population - Both sexes,2019,1000 persons,83148.141,Europe
682,Annual population,Germany,Total Population - Both sexes,2020,1000 persons,83328.988,Europe
683,Annual population,Germany,Total Population - Both sexes,2021,1000 persons,83408.554,Europe
696,Annual population,Greece,Total Population - Both sexes,2010,1000 persons,11033.783,Europe
697,Annual population,Greece,Total Population - Both sexes,2011,1000 persons,11004.725,Europe
698,Annual population,Greece,Total Population - Both sexes,2012,1000 persons,10963.635,Europe
699,Annual population,Greece,Total Population - Both sexes,2013,1000 persons,10914.505,Europe
700,Annual population,Greece,Total Population - Both sexes,2014,1000 persons,10862.969,Europe
701,Annual population,Greece,Total Population - Both sexes,2015,1000 persons,10806.641,Europe
702,Annual population,Greece,Total Population - Both sexes,2016,1000 persons,10749.742,Europe
703,Annual population,Greece,Total Population - Both sexes,2017,1000 persons,10692.228,Europe
704,Annual population,Greece,Total Population - Both sexes,2018,1000 persons,10633.271,Europe
705,Annual population,Greece,Total Population - Both sexes,2019,1000 persons,10574.024,Europe
706,Annual population,Greece,Total Population - Both sexes,2020,1000 persons,10512.232,Europe
707,Annual population,Greece,Total Population - Both sexes,2021,1000 persons,10445.365,Europe
792,Annual population,Hungary,Total Population - Both sexes,2010,1000 persons,9986.825,Europe
793,Annual population,Hungary,Total Population - Both sexes,2011,1000 persons,9953.245,Europe
794,Annual population,Hungary,Total Population - Both sexes,2012,1000 persons,9922.127,Europe
795,Annual population,Hungary,Total Population - Both sexes,2013,1000 persons,9894.639,Europe
796,Annual population,Hungary,Total Population - Both sexes,2014,1000 persons,9867.901,Europe
797,Annual population,Hungary,Total Population - Both sexes,2015,1000 persons,9844.246,Europe
798,Annual population,Hungary,Total Population - Both sexes,2016,1000 persons,9815.104,Europe
799,Annual population,Hungary,Total Population - Both sexes,2017,1000 persons,9788.941,Europe
800,Annual population,Hungary,Total Population - Both sexes,2018,1000 persons,9776.358,Europe
801,Annual population,Hungary,Total Population - Both sexes,2019,1000 persons,9771.796,Europe
802,Annual population,Hungary,Total Population - Both sexes,2020,1000 persons,9750.573,Europe
803,Annual population,Hungary,Total Population - Both sexes,2021,1000 persons,9709.786,Europe
804,Annual population,Iceland,Total Population - Both sexes,2010,1000 persons,318.333,Europe
805,Annual population,Iceland,Total Population - Both sexes,2011,1000 persons,319.293,Europe
806,Annual population,Iceland,Total Population - Both sexes,2012,1000 persons,320.979,Europe
807,Annual population,Iceland,Total Population - Both sexes,2013,1000 persons,324.024,Europe
808,Annual population,Iceland,Total Population - Both sexes,2014,1000 persons,327.644,Europe
809,Annual population,Iceland,Total Population - Both sexes,2015,1000 persons,331.06,Europe
810,Annual population,Iceland,Total Population - Both sexes,2016,1000 persons,335.675,Europe
811,Annual population,Iceland,Total Population - Both sexes,2017,1000 persons,343.632,Europe
812,Annual population,Iceland,Total Population - Both sexes,2018,1000 persons,352.946,Europe
813,Annual population,Iceland,Total Population - Both sexes,2019,1000 persons,360.774,Europe
814,Annual population,Iceland,Total Population - Both sexes,2020,1000 persons,366.669,Europe
815,Annual population,Iceland,Total Population - Both sexes,2021,1000 persons,370.335,Europe
816,Annual population,India,Total Population - Both sexes,2010,1000 persons,1240613.62,Asia
817,Annual population,India,Total Population - Both sexes,2011,1000 persons,1257621.191,Asia
818,Annual population,India,Total Population - Both sexes,2012,1000 persons,1274487.215,Asia
819,Annual population,India,Total Population - Both sexes,2013,1000 persons,1291132.063,Asia
820,Annual population,India,Total Population - Both sexes,2014,1000 persons,1307246.509,Asia
821,Annual population,India,Total Population - Both sexes,2015,1000 persons,1322866.505,Asia
822,Annual population,India,Total Population - Both sexes,2016,1000 persons,1338636.34,Asia
823,Annual population,India,Total Population - Both sexes,2017,1000 persons,1354195.68,Asia
824,Annual population,India,Total Population - Both sexes,2018,1000 persons,1369003.306,Asia
825,Annual population,India,Total Population - Both sexes,2019,1000 persons,1383112.05,Asia
826,Annual population,India,Total Population - Both sexes,2020,1000 persons,1396387.127,Asia
827,Annual population,India,Total Population - Both sexes,2021,1000 persons,1407563.842,Asia
828,Annual population,Indonesia,Total Population - Both sexes,2010,1000 persons,244016.173,Asia
829,Annual population,Indonesia,Total Population - Both sexes,2011,1000 persons,247099.697,Asia
830,Annual population,Indonesia,Total Population - Both sexes,2012,1000 persons,250222.695,Asia
831,Annual population,Indonesia,Total Population - Both sexes,2013,1000 persons,253275.918,Asia
832,Annual population,Indonesia,Total Population - Both sexes,2014,1000 persons,256229.761,Asia
833,Annual population,Indonesia,Total Population - Both sexes,2015,1000 persons,259091.97,Asia
834,Annual population,Indonesia,Total Population - Both sexes,2016,1000 persons,261850.182,Asia
835,Annual population,Indonesia,Total Population - Both sexes,2017,1000 persons,264498.852,Asia
836,Annual population,Indonesia,Total Population - Both sexes,2018,1000 persons,267066.843,Asia
837,Annual population,Indonesia,Total Population - Both sexes,2019,1000 persons,269582.878,Asia
838,Annual population,Indonesia,Total Population - Both sexes,2020,1000 persons,271857.97,Asia
839,Annual population,Indonesia,Total Population - Both sexes,2021,1000 persons,273753.191,Asia
840,Annual population,Iraq,Total Population - Both sexes,2010,1000 persons,31264.875,Asia
841,Annual population,Iraq,Total Population - Both sexes,2011,1000 persons,32378.061,Asia
842,Annual population,Iraq,Total Population - Both sexes,2012,1000 persons,33864.447,Asia
843,Annual population,Iraq,Total Population - Both sexes,2013,1000 persons,35481.8,Asia
844,Annual population,Iraq,Total Population - Both sexes,2014,1000 persons,36746.488,Asia
845,Annual population,Iraq,Total Population - Both sexes,2015,1000 persons,37757.813,Asia
846,Annual population,Iraq,Total Population - Both sexes,2016,1000 persons,38697.943,Asia
847,Annual population,Iraq,Total Population - Both sexes,2017,1000 persons,39621.162,Asia
848,Annual population,Iraq,Total Population - Both sexes,2018,1000 persons,40590.7,Asia
849,Annual population,Iraq,Total Population - Both sexes,2019,1000 persons,41563.52,Asia
850,Annual population,Iraq,Total Population - Both sexes,2020,1000 persons,42556.984,Asia
851,Annual population,Iraq,Total Population - Both sexes,2021,1000 persons,43533.592,Asia
852,Annual population,Ireland,Total Population - Both sexes,2010,1000 persons,4524.585,Europe
853,Annual population,Ireland,Total Population - Both sexes,2011,1000 persons,4544.501,Europe
854,Annual population,Ireland,Total Population - Both sexes,2012,1000 persons,4564.55,Europe
855,Annual population,Ireland,Total Population - Both sexes,2013,1000 persons,4588.832,Europe
856,Annual population,Ireland,Total Population - Both sexes,2014,1000 persons,4622.167,Europe
857,Annual population,Ireland,Total Population - Both sexes,2015,1000 persons,4665.76,Europe
858,Annual population,Ireland,Total Population - Both sexes,2016,1000 persons,4715.788,Europe
859,Annual population,Ireland,Total Population - Both sexes,2017,1000 persons,4771.854,Europe
860,Annual population,Ireland,Total Population - Both sexes,2018,1000 persons,4834.507,Europe
861,Annual population,Ireland,Total Population - Both sexes,2019,1000 persons,4896.019,Europe
862,Annual population,Ireland,Total Population - Both sexes,2020,1000 persons,4946.119,Europe
863,Annual population,Ireland,Total Population - Both sexes,2021,1000 persons,4986.526,Europe
864,Annual population,Israel,Total Population - Both sexes,2010,1000 persons,7328.445,Asia
865,Annual population,Israel,Total Population - Both sexes,2011,1000 persons,7459.749,Asia
866,Annual population,Israel,Total Population - Both sexes,2012,1000 persons,7592.106,Asia
867,Annual population,Israel,Total Population - Both sexes,2013,1000 persons,7726.676,Asia
868,Annual population,Israel,Total Population - Both sexes,2014,1000 persons,7863.846,Asia
869,Annual population,Israel,Total Population - Both sexes,2015,1000 persons,8007.778,Asia
870,Annual population,Israel,Total Population - Both sexes,2016,1000 persons,8159.009,Asia
871,Annual population,Israel,Total Population - Both sexes,2017,1000 persons,8309.257,Asia
872,Annual population,Israel,Total Population - Both sexes,2018,1000 persons,8456.483,Asia
873,Annual population,Israel,Total Population - Both sexes,2019,1000 persons,8607.919,Asia
874,Annual population,Israel,Total Population - Both sexes,2020,1000 persons,8757.489,Asia
875,Annual population,Israel,Total Population - Both sexes,2021,1000 persons,8900.059,Asia
876,Annual population,Italy,Total Population - Both sexes,2010,1000 persons,59822.45,Europe
877,Annual population,Italy,Total Population - Both sexes,2011,1000 persons,60025.952,Europe
878,Annual population,Italy,Total Population - Both sexes,2012,1000 persons,60190.145,Europe
879,Annual population,Italy,Total Population - Both sexes,2013,1000 persons,60312.599,Europe
880,Annual population,Italy,Total Population - Both sexes,2014,1000 persons,60322.791,Europe
881,Annual population,Italy,Total Population - Both sexes,2015,1000 persons,60232.906,Europe
882,Annual population,Italy,Total Population - Both sexes,2016,1000 persons,60118.626,Europe
883,Annual population,Italy,Total Population - Both sexes,2017,1000 persons,60004.032,Europe
884,Annual population,Italy,Total Population - Both sexes,2018,1000 persons,59877.425,Europe
885,Annual population,Italy,Total Population - Both sexes,2019,1000 persons,59727.932,Europe
886,Annual population,Italy,Total Population - Both sexes,2020,1000 persons,59500.579,Europe
887,Annual population,Italy,Total Population - Both sexes,2021,1000 persons,59240.329,Europe
900,Annual population,Japan,Total Population - Both sexes,2010,1000 persons,128105.431,Asia
901,Annual population,Japan,Total Population - Both sexes,2011,1000 persons,128007.257,Asia
902,Annual population,Japan,Total Population - Both sexes,2012,1000 persons,127853.688,Asia
903,Annual population,Japan,Total Population - Both sexes,2013,1000 persons,127678.924,Asia
904,Annual population,Japan,Total Population - Both sexes,2014,1000 persons,127476.735,Asia
905,Annual population,Japan,Total Population - Both sexes,2015,1000 persons,127250.933,Asia
906,Annual population,Japan,Total Population - Both sexes,2016,1000 persons,126993.857,Asia
907,Annual population,Japan,Total Population - Both sexes,2017,1000 persons,126662.472,Asia
908,Annual population,Japan,Total Population - Both sexes,2018,1000 persons,126255.866,Asia
909,Annual population,Japan,Total Population - Both sexes,2019,1000 persons,125791.677,Asia
910,Annual population,Japan,Total Population - Both sexes,2020,1000 persons,125244.761,Asia
911,Annual population,Japan,Total Population - Both sexes,2021,1000 persons,124612.53,Asia
912,Annual population,Jordan,Total Population - Both sexes,2010,1000 persons,6931.258,Asia
913,Annual population,Jordan,Total Population - Both sexes,2011,1000 persons,7109.98,Asia
914,Annual population,Jordan,Total Population - Both sexes,2012,1000 persons,7211.863,Asia
915,Annual population,Jordan,Total Population - Both sexes,2013,1000 persons,7694.814,Asia
916,Annual population,Jordan,Total Population - Both sexes,2014,1000 persons,8658.026,Asia
917,Annual population,Jordan,Total Population - Both sexes,2015,1000 persons,9494.246,Asia
918,Annual population,Jordan,Total Population - Both sexes,2016,1000 persons,9964.656,Asia
919,Annual population,Jordan,Total Population - Both sexes,2017,1000 persons,10215.381,Asia
920,Annual population,Jordan,Total Population - Both sexes,2018,1000 persons,10459.865,Asia
921,Annual population,Jordan,Total Population - Both sexes,2019,1000 persons,10698.683,Asia
922,Annual population,Jordan,Total Population - Both sexes,2020,1000 persons,10928.721,Asia
923,Annual population,Jordan,Total Population - Both sexes,2021,1000 persons,11148.278,Asia
924,Annual population,Kazakhstan,Total Population - Both sexes,2010,1000 persons,16627.837,Asia
925,Annual population,Kazakhstan,Total Population - Both sexes,2011,1000 persons,16864.917,Asia
926,Annual population,Kazakhstan,Total Population - Both sexes,2012,1000 persons,17102.864,Asia
927,Annual population,Kazakhstan,Total Population - Both sexes,2013,1000 persons,17345.732,Asia
928,Annual population,Kazakhstan,Total Population - Both sexes,2014,1000 persons,17592.298,Asia
929,Annual population,Kazakhstan,Total Population - Both sexes,2015,1000 persons,17835.909,Asia
930,Annual population,Kazakhstan,Total Population - Both sexes,2016,1000 persons,18078.553,Asia
931,Annual population,Kazakhstan,Total Population - Both sexes,2017,1000 persons,18314.814,Asia
932,Annual population,Kazakhstan,Total Population - Both sexes,2018,1000 persons,18538.099,Asia
933,Annual population,Kazakhstan,Total Population - Both sexes,2019,1000 persons,18754.258,Asia
934,Annual population,Kazakhstan,Total Population - Both sexes,2020,1000 persons,18979.243,Asia
935,Annual population,Kazakhstan,Total Population - Both sexes,2021,1000 persons,19196.465,Asia
960,Annual population,Kuwait,Total Population - Both sexes,2010,1000 persons,2943.356,Asia
961,Annual population,Kuwait,Total Population - Both sexes,2011,1000 persons,3143.825,Asia
962,Annual population,Kuwait,Total Population - Both sexes,2012,1000 persons,3394.663,Asia
963,Annual population,Kuwait,Total Population - Both sexes,2013,1000 persons,3646.518,Asia
964,Annual population,Kuwait,Total Population - Both sexes,2014,1000 persons,3761.584,Asia
965,Annual population,Kuwait,Total Population - Both sexes,2015,1000 persons,3908.743,Asia
966,Annual population,Kuwait,Total Population - Both sexes,2016,1000 persons,4048.085,Asia
967,Annual population,Kuwait,Total Population - Both sexes,2017,1000 persons,4124.904,Asia
968,Annual population,Kuwait,Total Population - Both sexes,2018,1000 persons,4317.185,Asia
969,Annual population,Kuwait,Total Population - Both sexes,2019,1000 persons,4441.1,Asia
970,Annual population,Kuwait,Total Population - Both sexes,2020,1000 persons,4360.444,Asia
971,Annual population,Kuwait,Total Population - Both sexes,2021,1000 persons,4250.114,Asia
972,Annual population,Kyrgyzstan,Total Population - Both sexes,2010,1000 persons,5483.774,Asia
973,Annual population,Kyrgyzstan,Total Population - Both sexes,2011,1000 persons,5552.336,Asia
974,Annual population,Kyrgyzstan,Total Population - Both sexes,2012,1000 persons,5631.95,Asia
975,Annual population,Kyrgyzstan,Total Population - Both sexes,2013,1000 persons,5719.56,Asia
976,Annual population,Kyrgyzstan,Total Population - Both sexes,2014,1000 persons,5814.417,Asia
977,Annual population,Kyrgyzstan,Total Population - Both sexes,2015,1000 persons,5914.98,Asia
978,Annual population,Kyrgyzstan,Total Population - Both sexes,2016,1000 persons,6018.299,Asia
979,Annual population,Kyrgyzstan,Total Population - Both sexes,2017,1000 persons,6121.261,Asia
980,Annual population,Kyrgyzstan,Total Population - Both sexes,2018,1000 persons,6223.494,Asia
981,Annual population,Kyrgyzstan,Total Population - Both sexes,2019,1000 persons,6323.643,Asia
982,Annual population,Kyrgyzstan,Total Population - Both sexes,2020,1000 persons,6424.874,Asia
983,Annual population,Kyrgyzstan,Total Population - Both sexes,2021,1000 persons,6527.743,Asia
984,Annual population,Latvia,Total Population - Both sexes,2010,1000 persons,2101.53,Europe
985,Annual population,Latvia,Total Population - Both sexes,2011,1000 persons,2076.974,Europe
986,Annual population,Latvia,Total Population - Both sexes,2012,1000 persons,2053.636,Europe
987,Annual population,Latvia,Total Population - Both sexes,2013,1000 persons,2031.486,Europe
988,Annual population,Latvia,Total Population - Both sexes,2014,1000 persons,2011.039,Europe
989,Annual population,Latvia,Total Population - Both sexes,2015,1000 persons,1991.955,Europe
990,Annual population,Latvia,Total Population - Both sexes,2016,1000 persons,1973.476,Europe
991,Annual population,Latvia,Total Population - Both sexes,2017,1000 persons,1954.862,Europe
992,Annual population,Latvia,Total Population - Both sexes,2018,1000 persons,1935.63,Europe
993,Annual population,Latvia,Total Population - Both sexes,2019,1000 persons,1916.555,Europe
994,Annual population,Latvia,Total Population - Both sexes,2020,1000 persons,1897.052,Europe
995,Annual population,Latvia,Total Population - Both sexes,2021,1000 persons,1873.919,Europe
996,Annual population,Lebanon,Total Population - Both sexes,2010,1000 persons,4995.8,Asia
997,Annual population,Lebanon,Total Population - Both sexes,2011,1000 persons,5045.056,Asia
998,Annual population,Lebanon,Total Population - Both sexes,2012,1000 persons,5178.337,Asia
999,Annual population,Lebanon,Total Population - Both sexes,2013,1000 persons,5678.851,Asia
1000,Annual population,Lebanon,Total Population - Both sexes,2014,1000 persons,6274.342,Asia
1001,Annual population,Lebanon,Total Population - Both sexes,2015,1000 persons,6398.94,Asia
1002,Annual population,Lebanon,Total Population - Both sexes,2016,1000 persons,6258.619,Asia
1003,Annual population,Lebanon,Total Population - Both sexes,2017,1000 persons,6109.252,Asia
1004,Annual population,Lebanon,Total Population - Both sexes,2018,1000 persons,5950.839,Asia
1005,Annual population,Lebanon,Total Population - Both sexes,2019,1000 persons,5781.907,Asia
1006,Annual population,Lebanon,Total Population - Both sexes,2020,1000 persons,5662.923,Asia
1007,Annual population,Lebanon,Total Population - Both sexes,2021,1000 persons,5592.631,Asia
1044,Annual population,Liechtenstein,Total Population - Both sexes,2010,1000 persons,35.926,Europe
1045,Annual population,Liechtenstein,Total Population - Both sexes,2011,1000 persons,36.189,Europe
1046,Annual population,Liechtenstein,Total Population - Both sexes,2012,1000 persons,36.505,Europe
1047,Annual population,Liechtenstein,Total Population - Both sexes,2013,1000 persons,36.806,Europe
1048,Annual population,Liechtenstein,Total Population - Both sexes,2014,1000 persons,37.096,Europe
1049,Annual population,Liechtenstein,Total Population - Both sexes,2015,1000 persons,37.355,Europe
1050,Annual population,Liechtenstein,Total Population - Both sexes,2016,1000 persons,37.609,Europe
1051,Annual population,Liechtenstein,Total Population - Both sexes,2017,1000 persons,37.889,Europe
1052,Annual population,Liechtenstein,Total Population - Both sexes,2018,1000 persons,38.181,Europe
1053,Annual population,Liechtenstein,Total Population - Both sexes,2019,1000 persons,38.482,Europe
1054,Annual population,Liechtenstein,Total Population - Both sexes,2020,1000 persons,38.756,Europe
1055,Annual population,Liechtenstein,Total Population - Both sexes,2021,1000 persons,39.039,Europe
1056,Annual population,Lithuania,Total Population - Both sexes,2010,1000 persons,3139.019,Europe
1057,Annual population,Lithuania,Total Population - Both sexes,2011,1000 persons,3099.798,Europe
1058,Annual population,Lithuania,Total Population - Both sexes,2012,1000 persons,3063.341,Europe
1059,Annual population,Lithuania,Total Population - Both sexes,2013,1000 persons,3028.189,Europe
1060,Annual population,Lithuania,Total Population - Both sexes,2014,1000 persons,2994.927,Europe
1061,Annual population,Lithuania,Total Population - Both sexes,2015,1000 persons,2963.765,Europe
1062,Annual population,Lithuania,Total Population - Both sexes,2016,1000 persons,2933.673,Europe
1063,Annual population,Lithuania,Total Population - Both sexes,2017,1000 persons,2904.45,Europe
1064,Annual population,Lithuania,Total Population - Both sexes,2018,1000 persons,2876.128,Europe
1065,Annual population,Lithuania,Total Population - Both sexes,2019,1000 persons,2849.083,Europe
1066,Annual population,Lithuania,Total Population - Both sexes,2020,1000 persons,2820.267,Europe
1067,Annual population,Lithuania,Total Population - Both sexes,2021,1000 persons,2786.651,Europe
1068,Annual population,Luxembourg,Total Population - Both sexes,2010,1000 persons,507.07,Europe
1069,Annual population,Luxembourg,Total Population - Both sexes,2011,1000 persons,518.206,Europe
1070,Annual population,Luxembourg,Total Population - Both sexes,2012,1000 persons,530.585,Europe
1071,Annual population,Luxembourg,Total Population - Both sexes,2013,1000 persons,543.066,Europe
1072,Annual population,Luxembourg,Total Population - Both sexes,2014,1000 persons,556.069,Europe
1073,Annual population,Luxembourg,Total Population - Both sexes,2015,1000 persons,569.408,Europe
1074,Annual population,Luxembourg,Total Population - Both sexes,2016,1000 persons,583.351,Europe
1075,Annual population,Luxembourg,Total Population - Both sexes,2017,1000 persons,596.283,Europe
1076,Annual population,Luxembourg,Total Population - Both sexes,2018,1000 persons,607.913,Europe
1077,Annual population,Luxembourg,Total Population - Both sexes,2019,1000 persons,619.973,Europe
1078,Annual population,Luxembourg,Total Population - Both sexes,2020,1000 persons,630.399,Europe
1079,Annual population,Luxembourg,Total Population - Both sexes,2021,1000 persons,639.321,Europe
1104,Annual population,Malaysia,Total Population - Both sexes,2010,1000 persons,28717.731,Asia
1105,Annual population,Malaysia,Total Population - Both sexes,2011,1000 persons,29184.133,Asia
1106,Annual population,Malaysia,Total Population - Both sexes,2012,1000 persons,29660.212,Asia
1107,Annual population,Malaysia,Total Population - Both sexes,2013,1000 persons,30134.807,Asia
1108,Annual population,Malaysia,Total Population - Both sexes,2014,1000 persons,30606.459,Asia
1109,Annual population,Malaysia,Total Population - Both sexes,2015,1000 persons,31068.833,Asia
1110,Annual population,Malaysia,Total Population - Both sexes,2016,1000 persons,31526.418,Asia
1111,Annual population,Malaysia,Total Population - Both sexes,2017,1000 persons,31975.806,Asia
1112,Annual population,Malaysia,Total Population - Both sexes,2018,1000 persons,32399.271,Asia
1113,Annual population,Malaysia,Total Population - Both sexes,2019,1000 persons,32804.02,Asia
1114,Annual population,Malaysia,Total Population - Both sexes,2020,1000 persons,33199.993,Asia
1115,Annual population,Malaysia,Total Population - Both sexes,2021,1000 persons,33573.874,Asia
1116,Annual population,Maldives,Total Population - Both sexes,2010,1000 persons,361.575,Asia
1117,Annual population,Maldives,Total Population - Both sexes,2011,1000 persons,374.44,Asia
1118,Annual population,Maldives,Total Population - Both sexes,2012,1000 persons,387.539,Asia
1119,Annual population,Maldives,Total Population - Both sexes,2013,1000 persons,400.728,Asia
1120,Annual population,Maldives,Total Population - Both sexes,2014,1000 persons,416.738,Asia
1121,Annual population,Maldives,Total Population - Both sexes,2015,1000 persons,435.582,Asia
1122,Annual population,Maldives,Total Population - Both sexes,2016,1000 persons,454.252,Asia
1123,Annual population,Maldives,Total Population - Both sexes,2017,1000 persons,472.442,Asia
1124,Annual population,Maldives,Total Population - Both sexes,2018,1000 persons,489.758,Asia
1125,Annual population,Maldives,Total Population - Both sexes,2019,1000 persons,504.508,Asia
1126,Annual population,Maldives,Total Population - Both sexes,2020,1000 persons,514.438,Asia
1127,Annual population,Maldives,Total Population - Both sexes,2021,1000 persons,521.457,Asia
1140,Annual population,Malta,Total Population - Both sexes,2010,1000 persons,418.755,Europe
1141,Annual population,Malta,Total Population - Both sexes,2011,1000 persons,423.571,Europe
1142,Annual population,Malta,Total Population - Both sexes,2012,1000 persons,429.907,Europe
1143,Annual population,Malta,Total Population - Both sexes,2013,1000 persons,437.525,Europe
1144,Annual population,Malta,Total Population - Both sexes,2014,1000 persons,446.441,Europe
1145,Annual population,Malta,Total Population - Both sexes,2015,1000 persons,456.579,Europe
1146,Annual population,Malta,Total Population - Both sexes,2016,1000 persons,467.705,Europe
1147,Annual population,Malta,Total Population - Both sexes,2017,1000 persons,479.497,Europe
1148,Annual population,Malta,Total Population - Both sexes,2018,1000 persons,491.586,Europe
1149,Annual population,Malta,Total Population - Both sexes,2019,1000 persons,503.635,Europe
1150,Annual population,Malta,Total Population - Both sexes,2020,1000 persons,515.358,Europe
1151,Annual population,Malta,Total Population - Both sexes,2021,1000 persons,526.748,Europe
1200,Annual population,Monaco,Total Population - Both sexes,2010,1000 persons,33.178,Europe
1201,Annual population,Monaco,Total Population - Both sexes,2011,1000 persons,33.945,Europe
1202,Annual population,Monaco,Total Population - Both sexes,2012,1000 persons,34.7,Europe
1203,Annual population,Monaco,Total Population - Both sexes,2013,1000 persons,35.425,Europe
1204,Annual population,Monaco,Total Population - Both sexes,2014,1000 persons,36.11,Europe
1205,Annual population,Monaco,Total Population - Both sexes,2015,1000 persons,36.76,Europe
1206,Annual population,Monaco,Total Population - Both sexes,2016,1000 persons,37.071,Europe
1207,Annual population,Monaco,Total Population - Both sexes,2017,1000 persons,37.044,Europe
1208,Annual population,Monaco,Total Population - Both sexes,2018,1000 persons,37.029,Europe
1209,Annual population,Monaco,Total Population - Both sexes,2019,1000 persons,37.034,Europe
1210,Annual population,Monaco,Total Population - Both sexes,2020,1000 persons,36.922,Europe
1211,Annual population,Monaco,Total Population - Both sexes,2021,1000 persons,36.686,Europe
1212,Annual population,Mongolia,Total Population - Both sexes,2010,1000 persons,2702.52,Asia
1213,Annual population,Mongolia,Total Population - Both sexes,2011,1000 persons,2743.938,Asia
1214,Annual population,Mongolia,Total Population - Both sexes,2012,1000 persons,2792.349,Asia
1215,Annual population,Mongolia,Total Population - Both sexes,2013,1000 persons,2845.153,Asia
1216,Annual population,Mongolia,Total Population - Both sexes,2014,1000 persons,2902.823,Asia
1217,Annual population,Mongolia,Total Population - Both sexes,2015,1000 persons,2964.749,Asia
1218,Annual population,Mongolia,Total Population - Both sexes,2016,1000 persons,3029.555,Asia
1219,Annual population,Mongolia,Total Population - Both sexes,2017,1000 persons,3096.03,Asia
1220,Annual population,Mongolia,Total Population - Both sexes,2018,1000 persons,3163.991,Asia
1221,Annual population,Mongolia,Total Population - Both sexes,2019,1000 persons,3232.43,Asia
1222,Annual population,Mongolia,Total Population - Both sexes,2020,1000 persons,3294.335,Asia
1223,Annual population,Mongolia,Total Population - Both sexes,2021,1000 persons,3347.782,Asia
1224,Annual population,Montenegro,Total Population - Both sexes,2010,1000 persons,631.044,Europe
1225,Annual population,Montenegro,Total Population - Both sexes,2011,1000 persons,631.788,Europe
1226,Annual population,Montenegro,Total Population - Both sexes,2012,1000 persons,633.051,Europe
1227,Annual population,Montenegro,Total Population - Both sexes,2013,1000 persons,633.946,Europe
1228,Annual population,Montenegro,Total Population - Both sexes,2014,1000 persons,634.294,Europe
1229,Annual population,Montenegro,Total Population - Both sexes,2015,1000 persons,633.966,Europe
1230,Annual population,Montenegro,Total Population - Both sexes,2016,1000 persons,633.264,Europe
1231,Annual population,Montenegro,Total Population - Both sexes,2017,1000 persons,632.438,Europe
1232,Annual population,Montenegro,Total Population - Both sexes,2018,1000 persons,631.455,Europe
1233,Annual population,Montenegro,Total Population - Both sexes,2019,1000 persons,630.396,Europe
1234,Annual population,Montenegro,Total Population - Both sexes,2020,1000 persons,629.048,Europe
1235,Annual population,Montenegro,Total Population - Both sexes,2021,1000 persons,627.859,Europe
1284,Annual population,Nepal,Total Population - Both sexes,2010,1000 persons,27161.567,Asia
1285,Annual population,Nepal,Total Population - Both sexes,2011,1000 persons,27266.399,Asia
1286,Annual population,Nepal,Total Population - Both sexes,2012,1000 persons,27330.694,Asia
1287,Annual population,Nepal,Total Population - Both sexes,2013,1000 persons,27381.555,Asia
1288,Annual population,Nepal,Total Population - Both sexes,2014,1000 persons,27462.106,Asia
1289,Annual population,Nepal,Total Population - Both sexes,2015,1000 persons,27610.325,Asia
1290,Annual population,Nepal,Total Population - Both sexes,2016,1000 persons,27861.186,Asia
1291,Annual population,Nepal,Total Population - Both sexes,2017,1000 persons,28183.426,Asia
1292,Annual population,Nepal,Total Population - Both sexes,2018,1000 persons,28506.712,Asia
1293,Annual population,Nepal,Total Population - Both sexes,2019,1000 persons,28832.496,Asia
1294,Annual population,Nepal,Total Population - Both sexes,2020,1000 persons,29348.627,Asia
1295,Annual population,Nepal,Total Population - Both sexes,2021,1000 persons,30034.989,Asia
1344,Annual population,Norway,Total Population - Both sexes,2010,1000 persons,4889.741,Europe
1345,Annual population,Norway,Total Population - Both sexes,2011,1000 persons,4953.561,Europe
1346,Annual population,Norway,Total Population - Both sexes,2012,1000 persons,5019.056,Europe
1347,Annual population,Norway,Total Population - Both sexes,2013,1000 persons,5080.668,Europe
1348,Annual population,Norway,Total Population - Both sexes,2014,1000 persons,5137.923,Europe
1349,Annual population,Norway,Total Population - Both sexes,2015,1000 persons,5190.356,Europe
1350,Annual population,Norway,Total Population - Both sexes,2016,1000 persons,5236.59,Europe
1351,Annual population,Norway,Total Population - Both sexes,2017,1000 persons,5277.392,Europe
1352,Annual population,Norway,Total Population - Both sexes,2018,1000 persons,5312.32,Europe
1353,Annual population,Norway,Total Population - Both sexes,2019,1000 persons,5348.279,Europe
1354,Annual population,Norway,Total Population - Both sexes,2020,1000 persons,5379.839,Europe
1355,Annual population,Norway,Total Population - Both sexes,2021,1000 persons,5403.021,Europe
1356,Annual population,Oman,Total Population - Both sexes,2010,1000 persons,2881.914,Asia
1357,Annual population,Oman,Total Population - Both sexes,2011,1000 persons,3206.87,Asia
1358,Annual population,Oman,Total Population - Both sexes,2012,1000 persons,3535.579,Asia
1359,Annual population,Oman,Total Population - Both sexes,2013,1000 persons,3816.68,Asia
1360,Annual population,Oman,Total Population - Both sexes,2014,1000 persons,4009.267,Asia
1361,Annual population,Oman,Total Population - Both sexes,2015,1000 persons,4191.776,Asia
1362,Annual population,Oman,Total Population - Both sexes,2016,1000 persons,4398.07,Asia
1363,Annual population,Oman,Total Population - Both sexes,2017,1000 persons,4541.854,Asia
1364,Annual population,Oman,Total Population - Both sexes,2018,1000 persons,4601.157,Asia
1365,Annual population,Oman,Total Population - Both sexes,2019,1000 persons,4602.768,Asia
1366,Annual population,Oman,Total Population - Both sexes,2020,1000 persons,4543.399,Asia
1367,Annual population,Oman,Total Population - Both sexes,2021,1000 persons,4520.471,Asia
1368,Annual population,Pakistan,Total Population - Both sexes,2010,1000 persons,194454.498,Asia
1369,Annual population,Pakistan,Total Population - Both sexes,2011,1000 persons,198602.738,Asia
1370,Annual population,Pakistan,Total Population - Both sexes,2012,1000 persons,202205.861,Asia
1371,Annual population,Pakistan,Total Population - Both sexes,2013,1000 persons,205337.562,Asia
1372,Annual population,Pakistan,Total Population - Both sexes,2014,1000 persons,208251.628,Asia
1373,Annual population,Pakistan,Total Population - Both sexes,2015,1000 persons,210969.298,Asia
1374,Annual population,Pakistan,Total Population - Both sexes,2016,1000 persons,213524.84,Asia
1375,Annual population,Pakistan,Total Population - Both sexes,2017,1000 persons,216379.655,Asia
1376,Annual population,Pakistan,Total Population - Both sexes,2018,1000 persons,219731.479,Asia
1377,Annual population,Pakistan,Total Population - Both sexes,2019,1000 persons,223293.28,Asia
1378,Annual population,Pakistan,Total Population - Both sexes,2020,1000 persons,227196.741,Asia
1379,Annual population,Pakistan,Total Population - Both sexes,2021,1000 persons,231402.117,Asia
1440,Annual population,Philippines,Total Population - Both sexes,2010,1000 persons,94636.7,Asia
1441,Annual population,Philippines,Total Population - Both sexes,2011,1000 persons,96337.913,Asia
1442,Annual population,Philippines,Total Population - Both sexes,2012,1000 persons,98032.317,Asia
1443,Annual population,Philippines,Total Population - Both sexes,2013,1000 persons,99700.107,Asia
1444,Annual population,Philippines,Total Population - Both sexes,2014,1000 persons,101325.201,Asia
1445,Annual population,Philippines,Total Population - Both sexes,2015,1000 persons,103031.365,Asia
1446,Annual population,Philippines,Total Population - Both sexes,2016,1000 persons,104875.266,Asia
1447,Annual population,Philippines,Total Population - Both sexes,2017,1000 persons,106738.501,Asia
1448,Annual population,Philippines,Total Population - Both sexes,2018,1000 persons,108568.836,Asia
1449,Annual population,Philippines,Total Population - Both sexes,2019,1000 persons,110380.804,Asia
1450,Annual population,Philippines,Total Population - Both sexes,2020,1000 persons,112190.977,Asia
1451,Annual population,Philippines,Total Population - Both sexes,2021,1000 persons,113880.328,Asia
1452,Annual population,Poland,Total Population - Both sexes,2010,1000 persons,38597.353,Europe
1453,Annual population,Poland,Total Population - Both sexes,2011,1000 persons,38620.847,Europe
1454,Annual population,Poland,Total Population - Both sexes,2012,1000 persons,38625.874,Europe
1455,Annual population,Poland,Total Population - Both sexes,2013,1000 persons,38607.353,Europe
1456,Annual population,Poland,Total Population - Both sexes,2014,1000 persons,38581.872,Europe
1457,Annual population,Poland,Total Population - Both sexes,2015,1000 persons,38553.146,Europe
1458,Annual population,Poland,Total Population - Both sexes,2016,1000 persons,38532.113,Europe
1459,Annual population,Poland,Total Population - Both sexes,2017,1000 persons,38532.812,Europe
1460,Annual population,Poland,Total Population - Both sexes,2018,1000 persons,38521.457,Europe
1461,Annual population,Poland,Total Population - Both sexes,2019,1000 persons,38493.601,Europe
1462,Annual population,Poland,Total Population - Both sexes,2020,1000 persons,38428.366,Europe
1463,Annual population,Poland,Total Population - Both sexes,2021,1000 persons,38307.726,Europe
1464,Annual population,Portugal,Total Population - Both sexes,2010,1000 persons,10588.401,Europe
1465,Annual population,Portugal,Total Population - Both sexes,2011,1000 persons,10564.826,Europe
1466,Annual population,Portugal,Total Population - Both sexes,2012,1000 persons,10522.086,Europe
1467,Annual population,Portugal,Total Population - Both sexes,2013,1000 persons,10464.535,Europe
1468,Annual population,Portugal,Total Population - Both sexes,2014,1000 persons,10408.372,Europe
1469,Annual population,Portugal,Total Population - Both sexes,2015,1000 persons,10365.435,Europe
1470,Annual population,Portugal,Total Population - Both sexes,2016,1000 persons,10332.753,Europe
1471,Annual population,Portugal,Total Population - Both sexes,2017,1000 persons,10307.53,Europe
1472,Annual population,Portugal,Total Population - Both sexes,2018,1000 persons,10289.835,Europe
1473,Annual population,Portugal,Total Population - Both sexes,2019,1000 persons,10289.923,Europe
1474,Annual population,Portugal,Total Population - Both sexes,2020,1000 persons,10298.192,Europe
1475,Annual population,Portugal,Total Population - Both sexes,2021,1000 persons,10290.103,Europe
1476,Annual population,Qatar,Total Population - Both sexes,2010,1000 persons,1713.504,Asia
1477,Annual population,Qatar,Total Population - Both sexes,2011,1000 persons,1804.171,Asia
1478,Annual population,Qatar,Total Population - Both sexes,2012,1000 persons,1905.66,Asia
1479,Annual population,Qatar,Total Population - Both sexes,2013,1000 persons,2035.501,Asia
1480,Annual population,Qatar,Total Population - Both sexes,2014,1000 persons,2214.465,Asia
1481,Annual population,Qatar,Total Population - Both sexes,2015,1000 persons,2414.573,Asia
1482,Annual population,Qatar,Total Population - Both sexes,2016,1000 persons,2595.166,Asia
1483,Annual population,Qatar,Total Population - Both sexes,2017,1000 persons,2711.755,Asia
1484,Annual population,Qatar,Total Population - Both sexes,2018,1000 persons,2766.732,Asia
1485,Annual population,Qatar,Total Population - Both sexes,2019,1000 persons,2807.235,Asia
1486,Annual population,Qatar,Total Population - Both sexes,2020,1000 persons,2760.385,Asia
1487,Annual population,Qatar,Total Population - Both sexes,2021,1000 persons,2688.235,Asia
1488,Annual population,Romania,Total Population - Both sexes,2010,1000 persons,20335.211,Europe
1489,Annual population,Romania,Total Population - Both sexes,2011,1000 persons,20220.285,Europe
1490,Annual population,Romania,Total Population - Both sexes,2012,1000 persons,20137.118,Europe
1491,Annual population,Romania,Total Population - Both sexes,2013,1000 persons,20066.546,Europe
1492,Annual population,Romania,Total Population - Both sexes,2014,1000 persons,19995.836,Europe
1493,Annual population,Romania,Total Population - Both sexes,2015,1000 persons,19906.079,Europe
1494,Annual population,Romania,Total Population - Both sexes,2016,1000 persons,19797.82,Europe
1495,Annual population,Romania,Total Population - Both sexes,2017,1000 persons,19698.853,Europe
1496,Annual population,Romania,Total Population - Both sexes,2018,1000 persons,19606.783,Europe
1497,Annual population,Romania,Total Population - Both sexes,2019,1000 persons,19524.211,Europe
1498,Annual population,Romania,Total Population - Both sexes,2020,1000 persons,19442.038,Europe
1499,Annual population,Romania,Total Population - Both sexes,2021,1000 persons,19328.56,Europe
1500,Annual population,Russian Federation,Total Population - Both sexes,2010,1000 persons,143242.599,Asia
1501,Annual population,Russian Federation,Total Population - Both sexes,2011,1000 persons,143364.543,Asia
1502,Annual population,Russian Federation,Total Population - Both sexes,2012,1000 persons,143629.362,Asia
1503,Annual population,Russian Federation,Total Population - Both sexes,2013,1000 persons,143956.866,Asia
1504,Annual population,Russian Federation,Total Population - Both sexes,2014,1000 persons,144285.07,Asia
1505,Annual population,Russian Federation,Total Population - Both sexes,2015,1000 persons,144668.389,Asia
1506,Annual population,Russian Federation,Total Population - Both sexes,2016,1000 persons,145109.157,Asia
1507,Annual population,Russian Federation,Total Population - Both sexes,2017,1000 persons,145452.536,Asia
1508,Annual population,Russian Federation,Total Population - Both sexes,2018,1000 persons,145652.293,Asia
1509,Annual population,Russian Federation,Total Population - Both sexes,2019,1000 persons,145742.286,Asia
1510,Annual population,Russian Federation,Total Population - Both sexes,2020,1000 persons,145617.329,Asia
1511,Annual population,Russian Federation,Total Population - Both sexes,2021,1000 persons,145102.755,Asia
1572,Annual population,San Marino,Total Population - Both sexes,2010,1000 persons,31.608,Europe
1573,Annual population,San Marino,Total Population - Both sexes,2011,1000 persons,32.495,Europe
1574,Annual population,San Marino,Total Population - Both sexes,2012,1000 persons,33.132,Europe
1575,Annual population,San Marino,Total Population - Both sexes,2013,1000 persons,33.285,Europe
1576,Annual population,San Marino,Total Population - Both sexes,2014,1000 persons,33.389,Europe
1577,Annual population,San Marino,Total Population - Both sexes,2015,1000 persons,33.57,Europe
1578,Annual population,San Marino,Total Population - Both sexes,2016,1000 persons,33.834,Europe
1579,Annual population,San Marino,Total Population - Both sexes,2017,1000 persons,34.056,Europe
1580,Annual population,San Marino,Total Population - Both sexes,2018,1000 persons,34.156,Europe
1581,Annual population,San Marino,Total Population - Both sexes,2019,1000 persons,34.178,Europe
1582,Annual population,San Marino,Total Population - Both sexes,2020,1000 persons,34.007,Europe
1583,Annual population,San Marino,Total Population - Both sexes,2021,1000 persons,33.745,Europe
1596,Annual population,Saudi Arabia,Total Population - Both sexes,2010,1000 persons,29411.929,Asia
1597,Annual population,Saudi Arabia,Total Population - Both sexes,2011,1000 persons,30150.945,Asia
1598,Annual population,Saudi Arabia,Total Population - Both sexes,2012,1000 persons,30821.543,Asia
1599,Annual population,Saudi Arabia,Total Population - Both sexes,2013,1000 persons,31482.498,Asia
1600,Annual population,Saudi Arabia,Total Population - Both sexes,2014,1000 persons,32125.564,Asia
1601,Annual population,Saudi Arabia,Total Population - Both sexes,2015,1000 persons,32749.848,Asia
1602,Annual population,Saudi Arabia,Total Population - Both sexes,2016,1000 persons,33416.27,Asia
1603,Annual population,Saudi Arabia,Total Population - Both sexes,2017,1000 persons,34193.122,Asia
1604,Annual population,Saudi Arabia,Total Population - Both sexes,2018,1000 persons,35018.133,Asia
1605,Annual population,Saudi Arabia,Total Population - Both sexes,2019,1000 persons,35827.362,Asia
1606,Annual population,Saudi Arabia,Total Population - Both sexes,2020,1000 persons,35997.107,Asia
1607,Annual population,Saudi Arabia,Total Population - Both sexes,2021,1000 persons,35950.396,Asia
1620,Annual population,Serbia,Total Population - Both sexes,2010,1000 persons,7653.748,Europe
1621,Annual population,Serbia,Total Population - Both sexes,2011,1000 persons,7620.918,Europe
1622,Annual population,Serbia,Total Population - Both sexes,2012,1000 persons,7591.35,Europe
1623,Annual population,Serbia,Total Population - Both sexes,2013,1000 persons,7566.676,Europe
1624,Annual population,Serbia,Total Population - Both sexes,2014,1000 persons,7543.96,Europe
1625,Annual population,Serbia,Total Population - Both sexes,2015,1000 persons,7519.496,Europe
1626,Annual population,Serbia,Total Population - Both sexes,2016,1000 persons,7493.288,Europe
1627,Annual population,Serbia,Total Population - Both sexes,2017,1000 persons,7464.88,Europe
1628,Annual population,Serbia,Total Population - Both sexes,2018,1000 persons,7433.818,Europe
1629,Annual population,Serbia,Total Population - Both sexes,2019,1000 persons,7401.056,Europe
1630,Annual population,Serbia,Total Population - Both sexes,2020,1000 persons,7358.005,Europe
1631,Annual population,Serbia,Total Population - Both sexes,2021,1000 persons,7296.769,Europe
1656,Annual population,Singapore,Total Population - Both sexes,2010,1000 persons,5163.59,Asia
1657,Annual population,Singapore,Total Population - Both sexes,2011,1000 persons,5281.344,Asia
1658,Annual population,Singapore,Total Population - Both sexes,2012,1000 persons,5381.005,Asia
1659,Annual population,Singapore,Total Population - Both sexes,2013,1000 persons,5478.055,Asia
1660,Annual population,Singapore,Total Population - Both sexes,2014,1000 persons,5570.502,Asia
1661,Annual population,Singapore,Total Population - Both sexes,2015,1000 persons,5650.018,Asia
1662,Annual population,Singapore,Total Population - Both sexes,2016,1000 persons,5711.933,Asia
1663,Annual population,Singapore,Total Population - Both sexes,2017,1000 persons,5764.487,Asia
1664,Annual population,Singapore,Total Population - Both sexes,2018,1000 persons,5814.537,Asia
1665,Annual population,Singapore,Total Population - Both sexes,2019,1000 persons,5866.405,Asia
1666,Annual population,Singapore,Total Population - Both sexes,2020,1000 persons,5909.869,Asia
1667,Annual population,Singapore,Total Population - Both sexes,2021,1000 persons,5941.06,Asia
1668,Annual population,Slovakia,Total Population - Both sexes,2010,1000 persons,5396.424,Europe
1669,Annual population,Slovakia,Total Population - Both sexes,2011,1000 persons,5402.68,Europe
1670,Annual population,Slovakia,Total Population - Both sexes,2012,1000 persons,5409.283,Europe
1671,Annual population,Slovakia,Total Population - Both sexes,2013,1000 persons,5414.739,Europe
1672,Annual population,Slovakia,Total Population - Both sexes,2014,1000 persons,5419.569,Europe
1673,Annual population,Slovakia,Total Population - Both sexes,2015,1000 persons,5424.444,Europe
1674,Annual population,Slovakia,Total Population - Both sexes,2016,1000 persons,5431.203,Europe
1675,Annual population,Slovakia,Total Population - Both sexes,2017,1000 persons,5439.417,Europe
1676,Annual population,Slovakia,Total Population - Both sexes,2018,1000 persons,5446.745,Europe
1677,Annual population,Slovakia,Total Population - Both sexes,2019,1000 persons,5453.924,Europe
1678,Annual population,Slovakia,Total Population - Both sexes,2020,1000 persons,5456.681,Europe
1679,Annual population,Slovakia,Total Population - Both sexes,2021,1000 persons,5447.622,Europe
1680,Annual population,Slovenia,Total Population - Both sexes,2010,1000 persons,2057.287,Europe
1681,Annual population,Slovenia,Total Population - Both sexes,2011,1000 persons,2065.453,Europe
1682,Annual population,Slovenia,Total Population - Both sexes,2012,1000 persons,2069.354,Europe
1683,Annual population,Slovenia,Total Population - Both sexes,2013,1000 persons,2072.374,Europe
1684,Annual population,Slovenia,Total Population - Both sexes,2014,1000 persons,2074.917,Europe
1685,Annual population,Slovenia,Total Population - Both sexes,2015,1000 persons,2080.862,Europe
1686,Annual population,Slovenia,Total Population - Both sexes,2016,1000 persons,2090.02,Europe
1687,Annual population,Slovenia,Total Population - Both sexes,2017,1000 persons,2098.392,Europe
1688,Annual population,Slovenia,Total Population - Both sexes,2018,1000 persons,2105.924,Europe
1689,Annual population,Slovenia,Total Population - Both sexes,2019,1000 persons,2112.901,Europe
1690,Annual population,Slovenia,Total Population - Both sexes,2020,1000 persons,2117.641,Europe
1691,Annual population,Slovenia,Total Population - Both sexes,2021,1000 persons,2119.41,Europe
1738,Annual population,Spain,Total Population - Both sexes,2010,1000 persons,46572.772,Europe
1739,Annual population,Spain,Total Population - Both sexes,2011,1000 persons,46729.232,Europe
1740,Annual population,Spain,Total Population - Both sexes,2012,1000 persons,46756.082,Europe
1741,Annual population,Spain,Total Population - Both sexes,2013,1000 persons,46603.459,Europe
1742,Annual population,Spain,Total Population - Both sexes,2014,1000 persons,46464.551,Europe
1743,Annual population,Spain,Total Population - Both sexes,2015,1000 persons,46431.342,Europe
1744,Annual population,Spain,Total Population - Both sexes,2016,1000 persons,46473.315,Europe
1745,Annual population,Spain,Total Population - Both sexes,2017,1000 persons,46584.17,Europe
1746,Annual population,Spain,Total Population - Both sexes,2018,1000 persons,46792.043,Europe
1747,Annual population,Spain,Total Population - Both sexes,2019,1000 persons,47131.372,Europe
1748,Annual population,Spain,Total Population - Both sexes,2020,1000 persons,47363.807,Europe
1749,Annual population,Spain,Total Population - Both sexes,2021,1000 persons,47486.935,Europe
1750,Annual population,Sri Lanka,Total Population - Both sexes,2010,1000 persons,20668.557,Asia
1751,Annual population,Sri Lanka,Total Population - Both sexes,2011,1000 persons,20859.743,Asia
1752,Annual population,Sri Lanka,Total Population - Both sexes,2012,1000 persons,21017.147,Asia
1753,Annual population,Sri Lanka,Total Population - Both sexes,2013,1000 persons,21131.756,Asia
1754,Annual population,Sri Lanka,Total Population - Both sexes,2014,1000 persons,21239.457,Asia
1755,Annual population,Sri Lanka,Total Population - Both sexes,2015,1000 persons,21336.697,Asia
1756,Annual population,Sri Lanka,Total Population - Both sexes,2016,1000 persons,21425.494,Asia
1757,Annual population,Sri Lanka,Total Population - Both sexes,2017,1000 persons,21506.813,Asia
1758,Annual population,Sri Lanka,Total Population - Both sexes,2018,1000 persons,21580.71,Asia
1759,Annual population,Sri Lanka,Total Population - Both sexes,2019,1000 persons,21649.664,Asia
1760,Annual population,Sri Lanka,Total Population - Both sexes,2020,1000 persons,21715.079,Asia
1761,Annual population,Sri Lanka,Total Population - Both sexes,2021,1000 persons,21773.441,Asia
1784,Annual population,Sweden,Total Population - Both sexes,2010,1000 persons,9381.729,Europe
1785,Annual population,Sweden,Total Population - Both sexes,2011,1000 persons,9467.388,Europe
1786,Annual population,Sweden,Total Population - Both sexes,2012,1000 persons,9555.987,Europe
1787,Annual population,Sweden,Total Population - Both sexes,2013,1000 persons,9648.932,Europe
1788,Annual population,Sweden,Total Population - Both sexes,2014,1000 persons,9747.508,Europe
1789,Annual population,Sweden,Total Population - Both sexes,2015,1000 persons,9849.349,Europe
1790,Annual population,Sweden,Total Population - Both sexes,2016,1000 persons,9953.317,Europe
1791,Annual population,Sweden,Total Population - Both sexes,2017,1000 persons,10058.19,Europe
1792,Annual population,Sweden,Total Population - Both sexes,2018,1000 persons,10162.298,Europe
1793,Annual population,Sweden,Total Population - Both sexes,2019,1000 persons,10267.922,Europe
1794,Annual population,Sweden,Total Population - Both sexes,2020,1000 persons,10368.969,Europe
1795,Annual population,Sweden,Total Population - Both sexes,2021,1000 persons,10467.097,Europe
1796,Annual population,Switzerland,Total Population - Both sexes,2010,1000 persons,7822.435,Europe
1797,Annual population,Switzerland,Total Population - Both sexes,2011,1000 persons,7910.982,Europe
1798,Annual population,Switzerland,Total Population - Both sexes,2012,1000 persons,7995.738,Europe
1799,Annual population,Switzerland,Total Population - Both sexes,2013,1000 persons,8088.367,Europe
1800,Annual population,Switzerland,Total Population - Both sexes,2014,1000 persons,8187.791,Europe
1801,Annual population,Switzerland,Total Population - Both sexes,2015,1000 persons,8281.732,Europe
1802,Annual population,Switzerland,Total Population - Both sexes,2016,1000 persons,8372.898,Europe
1803,Annual population,Switzerland,Total Population - Both sexes,2017,1000 persons,8451.687,Europe
1804,Annual population,Switzerland,Total Population - Both sexes,2018,1000 persons,8514.434,Europe
1805,Annual population,Switzerland,Total Population - Both sexes,2019,1000 persons,8575.588,Europe
1806,Annual population,Switzerland,Total Population - Both sexes,2020,1000 persons,8638.613,Europe
1807,Annual population,Switzerland,Total Population - Both sexes,2021,1000 persons,8691.406,Europe
1808,Annual population,Tajikistan,Total Population - Both sexes,2010,1000 persons,7621.779,Asia
1809,Annual population,Tajikistan,Total Population - Both sexes,2011,1000 persons,7784.819,Asia
1810,Annual population,Tajikistan,Total Population - Both sexes,2012,1000 persons,7956.382,Asia
1811,Annual population,Tajikistan,Total Population - Both sexes,2013,1000 persons,8136.61,Asia
1812,Annual population,Tajikistan,Total Population - Both sexes,2014,1000 persons,8326.348,Asia
1813,Annual population,Tajikistan,Total Population - Both sexes,2015,1000 persons,8524.063,Asia
1814,Annual population,Tajikistan,Total Population - Both sexes,2016,1000 persons,8725.318,Asia
1815,Annual population,Tajikistan,Total Population - Both sexes,2017,1000 persons,8925.525,Asia
1816,Annual population,Tajikistan,Total Population - Both sexes,2018,1000 persons,9128.132,Asia
1817,Annual population,Tajikistan,Total Population - Both sexes,2019,1000 persons,9337.003,Asia
1818,Annual population,Tajikistan,Total Population - Both sexes,2020,1000 persons,9543.207,Asia
1819,Annual population,Tajikistan,Total Population - Both sexes,2021,1000 persons,9750.064,Asia
1820,Annual population,Thailand,Total Population - Both sexes,2010,1000 persons,68270.489,Asia
1821,Annual population,Thailand,Total Population - Both sexes,2011,1000 persons,68712.846,Asia
1822,Annual population,Thailand,Total Population - Both sexes,2012,1000 persons,69157.023,Asia
1823,Annual population,Thailand,Total Population - Both sexes,2013,1000 persons,69578.602,Asia
1824,Annual population,Thailand,Total Population - Both sexes,2014,1000 persons,69960.943,Asia
1825,Annual population,Thailand,Total Population - Both sexes,2015,1000 persons,70294.397,Asia
1826,Annual population,Thailand,Total Population - Both sexes,2016,1000 persons,70607.037,Asia
1827,Annual population,Thailand,Total Population - Both sexes,2017,1000 persons,70898.202,Asia
1828,Annual population,Thailand,Total Population - Both sexes,2018,1000 persons,71127.802,Asia
1829,Annual population,Thailand,Total Population - Both sexes,2019,1000 persons,71307.763,Asia
1830,Annual population,Thailand,Total Population - Both sexes,2020,1000 persons,71475.664,Asia
1831,Annual population,Thailand,Total Population - Both sexes,2021,1000 persons,71601.103,Asia
1880,Annual population,Turkmenistan,Total Population - Both sexes,2010,1000 persons,5267.97,Asia
1881,Annual population,Turkmenistan,Total Population - Both sexes,2011,1000 persons,5360.811,Asia
1882,Annual population,Turkmenistan,Total Population - Both sexes,2012,1000 persons,5458.682,Asia
1883,Annual population,Turkmenistan,Total Population - Both sexes,2013,1000 persons,5560.095,Asia
1884,Annual population,Turkmenistan,Total Population - Both sexes,2014,1000 persons,5663.152,Asia
1885,Annual population,Turkmenistan,Total Population - Both sexes,2015,1000 persons,5766.431,Asia
1886,Annual population,Turkmenistan,Total Population - Both sexes,2016,1000 persons,5868.561,Asia
1887,Annual population,Turkmenistan,Total Population - Both sexes,2017,1000 persons,5968.383,Asia
1888,Annual population,Turkmenistan,Total Population - Both sexes,2018,1000 persons,6065.066,Asia
1889,Annual population,Turkmenistan,Total Population - Both sexes,2019,1000 persons,6158.42,Asia
1890,Annual population,Turkmenistan,Total Population - Both sexes,2020,1000 persons,6250.438,Asia
1891,Annual population,Turkmenistan,Total Population - Both sexes,2021,1000 persons,6341.855,Asia
1916,Annual population,Ukraine,Total Population - Both sexes,2010,1000 persons,45683.02,Europe
1917,Annual population,Ukraine,Total Population - Both sexes,2011,1000 persons,45516.134,Europe
1918,Annual population,Ukraine,Total Population - Both sexes,2012,1000 persons,45406.226,Europe
1919,Annual population,Ukraine,Total Population - Both sexes,2013,1000 persons,45307.099,Europe
1920,Annual population,Ukraine,Total Population - Both sexes,2014,1000 persons,45148.075,Europe
1921,Annual population,Ukraine,Total Population - Both sexes,2015,1000 persons,44982.564,Europe
1922,Annual population,Ukraine,Total Population - Both sexes,2016,1000 persons,44833.569,Europe
1923,Annual population,Ukraine,Total Population - Both sexes,2017,1000 persons,44657.257,Europe
1924,Annual population,Ukraine,Total Population - Both sexes,2018,1000 persons,44446.954,Europe
1925,Annual population,Ukraine,Total Population - Both sexes,2019,1000 persons,44211.094,Europe
1926,Annual population,Ukraine,Total Population - Both sexes,2020,1000 persons,43909.666,Europe
1927,Annual population,Ukraine,Total Population - Both sexes,2021,1000 persons,43531.422,Europe
1928,Annual population,United Arab Emirates,Total Population - Both sexes,2010,1000 persons,8481.771,Asia
1929,Annual population,United Arab Emirates,Total Population - Both sexes,2011,1000 persons,8575.205,Asia
1930,Annual population,United Arab Emirates,Total Population - Both sexes,2012,1000 persons,8664.969,Asia
1931,Annual population,United Arab Emirates,Total Population - Both sexes,2013,1000 persons,8751.847,Asia
1932,Annual population,United Arab Emirates,Total Population - Both sexes,2014,1000 persons,8835.951,Asia
1933,Annual population,United Arab Emirates,Total Population - Both sexes,2015,1000 persons,8916.899,Asia
1934,Annual population,United Arab Emirates,Total Population - Both sexes,2016,1000 persons,8994.263,Asia
1935,Annual population,United Arab Emirates,Total Population - Both sexes,2017,1000 persons,9068.296,Asia
1936,Annual population,United Arab Emirates,Total Population - Both sexes,2018,1000 persons,9140.169,Asia
1937,Annual population,United Arab Emirates,Total Population - Both sexes,2019,1000 persons,9211.657,Asia
1938,Annual population,United Arab Emirates,Total Population - Both sexes,2020,1000 persons,9287.289,Asia
1939,Annual population,United Arab Emirates,Total Population - Both sexes,2021,1000 persons,9365.145,Asia
1952,Annual population,Uzbekistan,Total Population - Both sexes,2010,1000 persons,28614.227,Asia
1953,Annual population,Uzbekistan,Total Population - Both sexes,2011,1000 persons,29057.458,Asia
1954,Annual population,Uzbekistan,Total Population - Both sexes,2012,1000 persons,29503.051,Asia
1955,Annual population,Uzbekistan,Total Population - Both sexes,2013,1000 persons,29963.226,Asia
1956,Annual population,Uzbekistan,Total Population - Both sexes,2014,1000 persons,30446.542,Asia
1957,Annual population,Uzbekistan,Total Population - Both sexes,2015,1000 persons,30949.417,Asia
1958,Annual population,Uzbekistan,Total Population - Both sexes,2016,1000 persons,31453.574,Asia
1959,Annual population,Uzbekistan,Total Population - Both sexes,2017,1000 persons,31945.682,Asia
1960,Annual population,Uzbekistan,Total Population - Both sexes,2018,1000 persons,32449.576,Asia
1961,Annual population,Uzbekistan,Total Population - Both sexes,2019,1000 persons,32976.948,Asia
1962,Annual population,Uzbekistan,Total Population - Both sexes,2020,1000 persons,33526.656,Asia
1963,Annual population,Uzbekistan,Total Population - Both sexes,2021,1000 persons,34081.449,Asia
1976,Annual population,Yemen,Total Population - Both sexes,2010,1000 persons,24743.946,Asia
1977,Annual population,Yemen,Total Population - Both sexes,2011,1000 persons,25475.61,Asia
1978,Annual population,Yemen,Total Population - Both sexes,2012,1000 persons,26223.391,Asia
1979,Annual population,Yemen,Total Population - Both sexes,2013,1000 persons,26984.002,Asia
1980,Annual population,Yemen,Total Population - Both sexes,2014,1000 persons,27753.304,Asia
1981,Annual population,Yemen,Total Population - Both sexes,2015,1000 persons,28516.545,Asia
1982,Annual population,Yemen,Total Population - Both sexes,2016,1000 persons,29274.002,Asia
1983,Annual population,Yemen,Total Population - Both sexes,2017,1000 persons,30034.389,Asia
1984,Annual population,Yemen,Total Population - Both sexes,2018,1000 persons,30790.513,Asia
1985,Annual population,Yemen,Total Population - Both sexes,2019,1000 persons,31546.691,Asia
1986,Annual population,Yemen,Total Population - Both sexes,2020,1000 persons,32284.046,Asia
1987,Annual population,Yemen,Total Population - Both sexes,2021,1000 persons,32981.641,Asia
