,Country,Year,Unit,Value,Continent
0,Afghanistan,2010,Â°C,1.613,Asia
1,Afghanistan,2011,Â°C,1.397,Asia
2,Afghanistan,2012,Â°C,0.223,Asia
3,Afghanistan,2013,Â°C,1.281,Asia
4,Afghanistan,2014,Â°C,0.456,Asia
5,Afghanistan,2015,Â°C,1.093,Asia
6,Afghanistan,2016,Â°C,1.555,Asia
7,Afghanistan,2017,Â°C,1.54,Asia
8,Afghanistan,2018,Â°C,1.544,Asia
9,Afghanistan,2019,Â°C,0.91,Asia
10,Afghanistan,2020,Â°C,0.498,Asia
11,Afghanistan,2021,Â°C,1.327,Asia
12,Afghanistan,2022,Â°C,2.012,Asia
13,Albania,2010,Â°C,1.191,Europe
14,Albania,2011,Â°C,1.055,Europe
15,Albania,2012,Â°C,1.487,Europe
16,Albania,2013,Â°C,1.333,Europe
17,Albania,2014,Â°C,1.198,Europe
18,Albania,2015,Â°C,1.569,Europe
19,Albania,2016,Â°C,1.464,Europe
20,Albania,2017,Â°C,1.121,Europe
21,Albania,2018,Â°C,2.028,Europe
22,Albania,2019,Â°C,1.675,Europe
23,Albania,2020,Â°C,1.498,Europe
24,Albania,2021,Â°C,1.536,Europe
25,Albania,2022,Â°C,1.518,Europe
39,Andorra,2010,Â°C,0.471,Europe
40,Andorra,2011,Â°C,1.677,Europe
41,Andorra,2012,Â°C,1.265,Europe
42,Andorra,2013,Â°C,0.831,Europe
43,Andorra,2014,Â°C,1.946,Europe
44,Andorra,2015,Â°C,1.69,Europe
45,Andorra,2016,Â°C,1.99,Europe
46,Andorra,2017,Â°C,1.925,Europe
47,Andorra,2018,Â°C,1.919,Europe
48,Andorra,2019,Â°C,1.964,Europe
49,Andorra,2020,Â°C,2.562,Europe
50,Andorra,2021,Â°C,1.533,Europe
51,Andorra,2022,Â°C,3.243,Europe
91,Armenia,2010,Â°C,2.775,Europe
92,Armenia,2011,Â°C,0.65,Europe
93,Armenia,2012,Â°C,1.247,Europe
94,Armenia,2013,Â°C,1.407,Europe
95,Armenia,2014,Â°C,1.283,Europe
96,Armenia,2015,Â°C,1.931,Europe
97,Armenia,2016,Â°C,1.356,Europe
98,Armenia,2017,Â°C,0.889,Europe
99,Armenia,2018,Â°C,2.772,Europe
100,Armenia,2019,Â°C,1.859,Europe
101,Armenia,2020,Â°C,1.954,Europe
102,Armenia,2021,Â°C,2.087,Europe
103,Armenia,2022,Â°C,1.707,Europe
117,Austria,2010,Â°C,0.656,Europe
118,Austria,2011,Â°C,1.373,Europe
119,Austria,2012,Â°C,1.783,Europe
120,Austria,2013,Â°C,1.098,Europe
121,Austria,2014,Â°C,2.409,Europe
122,Austria,2015,Â°C,2.167,Europe
123,Austria,2016,Â°C,2.096,Europe
124,Austria,2017,Â°C,1.741,Europe
125,Austria,2018,Â°C,2.524,Europe
126,Austria,2019,Â°C,2.37,Europe
127,Austria,2020,Â°C,2.315,Europe
128,Austria,2021,Â°C,1.395,Europe
129,Austria,2022,Â°C,2.498,Europe
130,Azerbaijan,2010,Â°C,2.327,Europe
131,Azerbaijan,2011,Â°C,0.766,Europe
132,Azerbaijan,2012,Â°C,1.474,Europe
133,Azerbaijan,2013,Â°C,1.574,Europe
134,Azerbaijan,2014,Â°C,1.252,Europe
135,Azerbaijan,2015,Â°C,1.672,Europe
136,Azerbaijan,2016,Â°C,1.53,Europe
137,Azerbaijan,2017,Â°C,1.308,Europe
138,Azerbaijan,2018,Â°C,2.24,Europe
139,Azerbaijan,2019,Â°C,1.997,Europe
140,Azerbaijan,2020,Â°C,2.015,Europe
141,Azerbaijan,2021,Â°C,2.061,Europe
142,Azerbaijan,2022,Â°C,2.08,Europe
156,Bahrain,2010,Â°C,2.286,Asia
157,Bahrain,2011,Â°C,1.431,Asia
158,Bahrain,2012,Â°C,1.385,Asia
159,Bahrain,2013,Â°C,1.403,Asia
160,Bahrain,2014,Â°C,1.694,Asia
161,Bahrain,2015,Â°C,2.24,Asia
162,Bahrain,2016,Â°C,1.598,Asia
163,Bahrain,2017,Â°C,2.08,Asia
164,Bahrain,2018,Â°C,2.247,Asia
165,Bahrain,2019,Â°C,2.108,Asia
166,Bahrain,2020,Â°C,2.027,Asia
167,Bahrain,2021,Â°C,2.464,Asia
168,Bahrain,2022,Â°C,2.017,Asia
169,Bangladesh,2010,Â°C,0.768,Asia
170,Bangladesh,2011,Â°C,0.144,Asia
171,Bangladesh,2012,Â°C,0.235,Asia
172,Bangladesh,2013,Â°C,0.23,Asia
173,Bangladesh,2014,Â°C,0.482,Asia
174,Bangladesh,2015,Â°C,0.722,Asia
175,Bangladesh,2016,Â°C,1.337,Asia
176,Bangladesh,2017,Â°C,1.124,Asia
177,Bangladesh,2018,Â°C,0.881,Asia
178,Bangladesh,2019,Â°C,1.136,Asia
179,Bangladesh,2020,Â°C,0.898,Asia
180,Bangladesh,2021,Â°C,1.3,Asia
181,Bangladesh,2022,Â°C,1.216,Asia
195,Belarus,2010,Â°C,1.461,Europe
196,Belarus,2011,Â°C,1.017,Europe
197,Belarus,2012,Â°C,1.561,Europe
198,Belarus,2013,Â°C,1.212,Europe
199,Belarus,2014,Â°C,2.18,Europe
200,Belarus,2015,Â°C,2.247,Europe
201,Belarus,2016,Â°C,2.201,Europe
202,Belarus,2017,Â°C,1.592,Europe
203,Belarus,2018,Â°C,2.342,Europe
204,Belarus,2019,Â°C,2.689,Europe
205,Belarus,2020,Â°C,3.51,Europe
206,Belarus,2021,Â°C,1.728,Europe
207,Belarus,2022,Â°C,1.922,Europe
208,Belgium,2010,Â°C,0.233,Europe
209,Belgium,2011,Â°C,1.289,Europe
210,Belgium,2012,Â°C,1.13,Europe
211,Belgium,2013,Â°C,0.463,Europe
212,Belgium,2014,Â°C,2.417,Europe
213,Belgium,2015,Â°C,1.371,Europe
214,Belgium,2016,Â°C,1.882,Europe
215,Belgium,2017,Â°C,1.731,Europe
216,Belgium,2018,Â°C,2.196,Europe
217,Belgium,2019,Â°C,2.081,Europe
218,Belgium,2020,Â°C,2.572,Europe
219,Belgium,2021,Â°C,1.203,Europe
220,Belgium,2022,Â°C,2.807,Europe
247,Bhutan,2010,Â°C,1.202,Asia
248,Bhutan,2011,Â°C,0.534,Asia
249,Bhutan,2012,Â°C,0.512,Asia
250,Bhutan,2013,Â°C,0.742,Asia
251,Bhutan,2014,Â°C,0.86,Asia
252,Bhutan,2015,Â°C,1.068,Asia
253,Bhutan,2016,Â°C,1.487,Asia
254,Bhutan,2017,Â°C,1.457,Asia
255,Bhutan,2018,Â°C,1.346,Asia
256,Bhutan,2019,Â°C,1.329,Asia
257,Bhutan,2020,Â°C,1.09,Asia
258,Bhutan,2021,Â°C,1.707,Asia
259,Bhutan,2022,Â°C,1.523,Asia
260,Bosnia and Herzegovina,2010,Â°C,0.954,Europe
261,Bosnia and Herzegovina,2011,Â°C,1.117,Europe
262,Bosnia and Herzegovina,2012,Â°C,1.756,Europe
263,Bosnia and Herzegovina,2013,Â°C,1.319,Europe
264,Bosnia and Herzegovina,2014,Â°C,1.823,Europe
265,Bosnia and Herzegovina,2015,Â°C,1.813,Europe
266,Bosnia and Herzegovina,2016,Â°C,1.673,Europe
267,Bosnia and Herzegovina,2017,Â°C,1.419,Europe
268,Bosnia and Herzegovina,2018,Â°C,2.275,Europe
269,Bosnia and Herzegovina,2019,Â°C,1.987,Europe
270,Bosnia and Herzegovina,2020,Â°C,1.88,Europe
271,Bosnia and Herzegovina,2021,Â°C,1.598,Europe
272,Bosnia and Herzegovina,2022,Â°C,2.091,Europe
299,Bulgaria,2010,Â°C,1.361,Europe
300,Bulgaria,2011,Â°C,0.422,Europe
301,Bulgaria,2012,Â°C,1.678,Europe
302,Bulgaria,2013,Â°C,1.476,Europe
303,Bulgaria,2014,Â°C,1.196,Europe
304,Bulgaria,2015,Â°C,1.438,Europe
305,Bulgaria,2016,Â°C,1.899,Europe
306,Bulgaria,2017,Â°C,0.954,Europe
307,Bulgaria,2018,Â°C,2.192,Europe
308,Bulgaria,2019,Â°C,2.112,Europe
309,Bulgaria,2020,Â°C,2.037,Europe
310,Bulgaria,2021,Â°C,1.629,Europe
311,Bulgaria,2022,Â°C,1.831,Europe
325,Cambodia,2010,Â°C,1.225,Asia
326,Cambodia,2011,Â°C,0.424,Asia
327,Cambodia,2012,Â°C,0.875,Asia
328,Cambodia,2013,Â°C,1.005,Asia
329,Cambodia,2014,Â°C,0.614,Asia
330,Cambodia,2015,Â°C,1.081,Asia
331,Cambodia,2016,Â°C,1.473,Asia
332,Cambodia,2017,Â°C,1.095,Asia
333,Cambodia,2018,Â°C,0.787,Asia
334,Cambodia,2019,Â°C,1.552,Asia
335,Cambodia,2020,Â°C,1.401,Asia
336,Cambodia,2021,Â°C,0.912,Asia
337,Cambodia,2022,Â°C,0.948,Asia
403,China,2010,Â°C,0.966,Asia
404,China,2011,Â°C,0.789,Asia
405,China,2012,Â°C,0.625,Asia
406,China,2013,Â°C,1.072,Asia
407,China,2014,Â°C,1.061,Asia
408,China,2015,Â°C,1.295,Asia
409,China,2016,Â°C,1.318,Asia
410,China,2017,Â°C,1.572,Asia
411,China,2018,Â°C,1.36,Asia
412,China,2019,Â°C,1.422,Asia
413,China,2020,Â°C,1.62,Asia
414,China,2021,Â°C,1.702,Asia
415,China,2022,Â°C,1.904,Asia
468,Croatia,2010,Â°C,0.821,Europe
469,Croatia,2011,Â°C,1.22,Europe
470,Croatia,2012,Â°C,1.809,Europe
471,Croatia,2013,Â°C,1.232,Europe
472,Croatia,2014,Â°C,2.004,Europe
473,Croatia,2015,Â°C,1.895,Europe
474,Croatia,2016,Â°C,1.807,Europe
475,Croatia,2017,Â°C,1.523,Europe
476,Croatia,2018,Â°C,2.282,Europe
477,Croatia,2019,Â°C,2.082,Europe
478,Croatia,2020,Â°C,1.989,Europe
479,Croatia,2021,Â°C,1.582,Europe
480,Croatia,2022,Â°C,2.209,Europe
494,Cyprus,2010,Â°C,2.03,Europe
495,Cyprus,2011,Â°C,0.715,Europe
496,Cyprus,2012,Â°C,0.97,Europe
497,Cyprus,2013,Â°C,1.238,Europe
498,Cyprus,2014,Â°C,1.048,Europe
499,Cyprus,2015,Â°C,1.139,Europe
500,Cyprus,2016,Â°C,1.493,Europe
501,Cyprus,2017,Â°C,0.776,Europe
502,Cyprus,2018,Â°C,2.119,Europe
503,Cyprus,2019,Â°C,1.524,Europe
504,Cyprus,2020,Â°C,1.668,Europe
505,Cyprus,2021,Â°C,1.994,Europe
506,Cyprus,2022,Â°C,1.237,Europe
507,Denmark,2010,Â°C,-0.199,Europe
508,Denmark,2011,Â°C,0.677,Europe
509,Denmark,2012,Â°C,1.139,Europe
510,Denmark,2013,Â°C,0.397,Europe
511,Denmark,2014,Â°C,2.677,Europe
512,Denmark,2015,Â°C,1.516,Europe
513,Denmark,2016,Â°C,1.852,Europe
514,Denmark,2017,Â°C,1.619,Europe
515,Denmark,2018,Â°C,2.109,Europe
516,Denmark,2019,Â°C,2.18,Europe
517,Denmark,2020,Â°C,2.633,Europe
518,Denmark,2021,Â°C,1.69,Europe
519,Denmark,2022,Â°C,2.219,Europe
624,Estonia,2010,Â°C,0.554,Europe
625,Estonia,2011,Â°C,1.299,Europe
626,Estonia,2012,Â°C,1.47,Europe
627,Estonia,2013,Â°C,1.183,Europe
628,Estonia,2014,Â°C,2.447,Europe
629,Estonia,2015,Â°C,2.377,Europe
630,Estonia,2016,Â°C,1.936,Europe
631,Estonia,2017,Â°C,1.502,Europe
632,Estonia,2018,Â°C,2.413,Europe
633,Estonia,2019,Â°C,2.218,Europe
634,Estonia,2020,Â°C,3.625,Europe
635,Estonia,2021,Â°C,2.167,Europe
636,Estonia,2022,Â°C,1.961,Europe
663,Finland,2010,Â°C,0.242,Europe
664,Finland,2011,Â°C,1.354,Europe
665,Finland,2012,Â°C,1.54,Europe
666,Finland,2013,Â°C,1.424,Europe
667,Finland,2014,Â°C,2.591,Europe
668,Finland,2015,Â°C,2.613,Europe
669,Finland,2016,Â°C,2.151,Europe
670,Finland,2017,Â°C,1.487,Europe
671,Finland,2018,Â°C,2.157,Europe
672,Finland,2019,Â°C,1.452,Europe
673,Finland,2020,Â°C,3.317,Europe
674,Finland,2021,Â°C,1.938,Europe
675,Finland,2022,Â°C,2.062,Europe
676,France,2010,Â°C,0.395,Europe
677,France,2011,Â°C,1.534,Europe
678,France,2012,Â°C,1.22,Europe
679,France,2013,Â°C,0.714,Europe
680,France,2014,Â°C,2.049,Europe
681,France,2015,Â°C,1.612,Europe
682,France,2016,Â°C,1.794,Europe
683,France,2017,Â°C,1.796,Europe
684,France,2018,Â°C,2.06,Europe
685,France,2019,Â°C,2.023,Europe
686,France,2020,Â°C,2.551,Europe
687,France,2021,Â°C,1.337,Europe
688,France,2022,Â°C,2.929,Europe
715,Georgia,2010,Â°C,2.486,Europe
716,Georgia,2011,Â°C,0.432,Europe
717,Georgia,2012,Â°C,1.22,Europe
718,Georgia,2013,Â°C,1.401,Europe
719,Georgia,2014,Â°C,1.277,Europe
720,Georgia,2015,Â°C,1.78,Europe
721,Georgia,2016,Â°C,1.365,Europe
722,Georgia,2017,Â°C,0.809,Europe
723,Georgia,2018,Â°C,2.51,Europe
724,Georgia,2019,Â°C,1.753,Europe
725,Georgia,2020,Â°C,2.006,Europe
726,Georgia,2021,Â°C,1.65,Europe
727,Georgia,2022,Â°C,1.51,Europe
728,Germany,2010,Â°C,0.196,Europe
729,Germany,2011,Â°C,1.121,Europe
730,Germany,2012,Â°C,1.349,Europe
731,Germany,2013,Â°C,0.583,Europe
732,Germany,2014,Â°C,2.519,Europe
733,Germany,2015,Â°C,1.674,Europe
734,Germany,2016,Â°C,1.988,Europe
735,Germany,2017,Â°C,1.653,Europe
736,Germany,2018,Â°C,2.393,Europe
737,Germany,2019,Â°C,2.332,Europe
738,Germany,2020,Â°C,2.516,Europe
739,Germany,2021,Â°C,1.325,Europe
740,Germany,2022,Â°C,2.596,Europe
754,Greece,2010,Â°C,1.584,Europe
755,Greece,2011,Â°C,0.394,Europe
756,Greece,2012,Â°C,1.235,Europe
757,Greece,2013,Â°C,1.317,Europe
758,Greece,2014,Â°C,1.06,Europe
759,Greece,2015,Â°C,0.904,Europe
760,Greece,2016,Â°C,1.561,Europe
761,Greece,2017,Â°C,0.642,Europe
762,Greece,2018,Â°C,1.905,Europe
763,Greece,2019,Â°C,1.381,Europe
764,Greece,2020,Â°C,1.307,Europe
765,Greece,2021,Â°C,1.655,Europe
766,Greece,2022,Â°C,1.04,Europe
858,Hungary,2010,Â°C,0.806,Europe
859,Hungary,2011,Â°C,0.891,Europe
860,Hungary,2012,Â°C,1.727,Europe
861,Hungary,2013,Â°C,1.159,Europe
862,Hungary,2014,Â°C,2.229,Europe
863,Hungary,2015,Â°C,2.067,Europe
864,Hungary,2016,Â°C,1.89,Europe
865,Hungary,2017,Â°C,1.336,Europe
866,Hungary,2018,Â°C,2.524,Europe
867,Hungary,2019,Â°C,2.353,Europe
868,Hungary,2020,Â°C,1.99,Europe
869,Hungary,2021,Â°C,1.43,Europe
870,Hungary,2022,Â°C,2.142,Europe
871,Iceland,2010,Â°C,1.147,Europe
872,Iceland,2011,Â°C,0.959,Europe
873,Iceland,2012,Â°C,0.667,Europe
874,Iceland,2013,Â°C,0.687,Europe
875,Iceland,2014,Â°C,1.66,Europe
876,Iceland,2015,Â°C,0.419,Europe
877,Iceland,2016,Â°C,1.411,Europe
878,Iceland,2017,Â°C,1.694,Europe
879,Iceland,2018,Â°C,0.82,Europe
880,Iceland,2019,Â°C,1.339,Europe
881,Iceland,2020,Â°C,0.786,Europe
882,Iceland,2021,Â°C,0.921,Europe
883,Iceland,2022,Â°C,1.201,Europe
884,India,2010,Â°C,1.129,Asia
885,India,2011,Â°C,0.365,Asia
886,India,2012,Â°C,0.516,Asia
887,India,2013,Â°C,0.451,Asia
888,India,2014,Â°C,0.53,Asia
889,India,2015,Â°C,0.711,Asia
890,India,2016,Â°C,1.088,Asia
891,India,2017,Â°C,0.966,Asia
892,India,2018,Â°C,0.874,Asia
893,India,2019,Â°C,0.802,Asia
894,India,2020,Â°C,0.52,Asia
895,India,2021,Â°C,0.733,Asia
896,India,2022,Â°C,0.79,Asia
897,Indonesia,2010,Â°C,0.766,Asia
898,Indonesia,2011,Â°C,0.306,Asia
899,Indonesia,2012,Â°C,0.459,Asia
900,Indonesia,2013,Â°C,0.799,Asia
901,Indonesia,2014,Â°C,0.812,Asia
902,Indonesia,2015,Â°C,0.841,Asia
903,Indonesia,2016,Â°C,1.488,Asia
904,Indonesia,2017,Â°C,1.055,Asia
905,Indonesia,2018,Â°C,0.973,Asia
906,Indonesia,2019,Â°C,1.118,Asia
907,Indonesia,2020,Â°C,1.322,Asia
908,Indonesia,2021,Â°C,1.11,Asia
909,Indonesia,2022,Â°C,1.085,Asia
910,Iraq,2010,Â°C,2.712,Asia
911,Iraq,2011,Â°C,0.91,Asia
912,Iraq,2012,Â°C,1.293,Asia
913,Iraq,2013,Â°C,1.263,Asia
914,Iraq,2014,Â°C,1.175,Asia
915,Iraq,2015,Â°C,1.94,Asia
916,Iraq,2016,Â°C,1.672,Asia
917,Iraq,2017,Â°C,1.572,Asia
918,Iraq,2018,Â°C,2.406,Asia
919,Iraq,2019,Â°C,1.626,Asia
920,Iraq,2020,Â°C,1.857,Asia
921,Iraq,2021,Â°C,2.644,Asia
922,Iraq,2022,Â°C,2.147,Asia
923,Ireland,2010,Â°C,-0.104,Europe
924,Ireland,2011,Â°C,0.559,Europe
925,Ireland,2012,Â°C,0.705,Europe
926,Ireland,2013,Â°C,0.568,Europe
927,Ireland,2014,Â°C,1.357,Europe
928,Ireland,2015,Â°C,0.449,Europe
929,Ireland,2016,Â°C,1.04,Europe
930,Ireland,2017,Â°C,1.264,Europe
931,Ireland,2018,Â°C,0.783,Europe
932,Ireland,2019,Â°C,1.201,Europe
933,Ireland,2020,Â°C,1.075,Europe
934,Ireland,2021,Â°C,1.019,Europe
935,Ireland,2022,Â°C,1.764,Europe
936,Israel,2010,Â°C,2.321,Asia
937,Israel,2011,Â°C,0.578,Asia
938,Israel,2012,Â°C,1.035,Asia
939,Israel,2013,Â°C,1.108,Asia
940,Israel,2014,Â°C,0.871,Asia
941,Israel,2015,Â°C,1.331,Asia
942,Israel,2016,Â°C,1.607,Asia
943,Israel,2017,Â°C,0.735,Asia
944,Israel,2018,Â°C,2.003,Asia
945,Israel,2019,Â°C,1.212,Asia
946,Israel,2020,Â°C,1.451,Asia
947,Israel,2021,Â°C,1.786,Asia
948,Israel,2022,Â°C,1.079,Asia
949,Italy,2010,Â°C,0.755,Europe
950,Italy,2011,Â°C,1.253,Europe
951,Italy,2012,Â°C,1.543,Europe
952,Italy,2013,Â°C,1.006,Europe
953,Italy,2014,Â°C,1.638,Europe
954,Italy,2015,Â°C,1.704,Europe
955,Italy,2016,Â°C,1.716,Europe
956,Italy,2017,Â°C,1.606,Europe
957,Italy,2018,Â°C,1.834,Europe
958,Italy,2019,Â°C,1.698,Europe
959,Italy,2020,Â°C,1.902,Europe
960,Italy,2021,Â°C,1.569,Europe
961,Italy,2022,Â°C,2.135,Europe
975,Japan,2010,Â°C,0.922,Asia
976,Japan,2011,Â°C,0.596,Asia
977,Japan,2012,Â°C,0.395,Asia
978,Japan,2013,Â°C,0.628,Asia
979,Japan,2014,Â°C,0.56,Asia
980,Japan,2015,Â°C,0.833,Asia
981,Japan,2016,Â°C,1.323,Asia
982,Japan,2017,Â°C,0.796,Asia
983,Japan,2018,Â°C,0.926,Asia
984,Japan,2019,Â°C,1.272,Asia
985,Japan,2020,Â°C,1.437,Asia
986,Japan,2021,Â°C,1.27,Asia
987,Japan,2022,Â°C,1.335,Asia
988,Jordan,2010,Â°C,2.625,Asia
989,Jordan,2011,Â°C,0.506,Asia
990,Jordan,2012,Â°C,1.067,Asia
991,Jordan,2013,Â°C,1.002,Asia
992,Jordan,2014,Â°C,0.787,Asia
993,Jordan,2015,Â°C,1.429,Asia
994,Jordan,2016,Â°C,1.641,Asia
995,Jordan,2017,Â°C,0.92,Asia
996,Jordan,2018,Â°C,1.972,Asia
997,Jordan,2019,Â°C,1.281,Asia
998,Jordan,2020,Â°C,1.617,Asia
999,Jordan,2021,Â°C,1.923,Asia
1000,Jordan,2022,Â°C,1.358,Asia
1001,Kazakhstan,2010,Â°C,1.306,Asia
1002,Kazakhstan,2011,Â°C,0.746,Asia
1003,Kazakhstan,2012,Â°C,1.151,Asia
1004,Kazakhstan,2013,Â°C,1.621,Asia
1005,Kazakhstan,2014,Â°C,0.673,Asia
1006,Kazakhstan,2015,Â°C,1.609,Asia
1007,Kazakhstan,2016,Â°C,2.24,Asia
1008,Kazakhstan,2017,Â°C,1.757,Asia
1009,Kazakhstan,2018,Â°C,0.641,Asia
1010,Kazakhstan,2019,Â°C,1.487,Asia
1011,Kazakhstan,2020,Â°C,2.853,Asia
1012,Kazakhstan,2021,Â°C,1.465,Asia
1013,Kazakhstan,2022,Â°C,2.712,Asia
1040,Kuwait,2010,Â°C,2.602,Asia
1041,Kuwait,2011,Â°C,1.373,Asia
1042,Kuwait,2012,Â°C,1.562,Asia
1043,Kuwait,2013,Â°C,1.349,Asia
1044,Kuwait,2014,Â°C,1.451,Asia
1045,Kuwait,2015,Â°C,2.104,Asia
1046,Kuwait,2016,Â°C,1.695,Asia
1047,Kuwait,2017,Â°C,1.962,Asia
1048,Kuwait,2018,Â°C,2.358,Asia
1049,Kuwait,2019,Â°C,1.895,Asia
1050,Kuwait,2020,Â°C,1.975,Asia
1051,Kuwait,2021,Â°C,2.676,Asia
1052,Kuwait,2022,Â°C,2.275,Asia
1053,Kyrgyzstan,2010,Â°C,1.402,Asia
1054,Kyrgyzstan,2011,Â°C,1.27,Asia
1055,Kyrgyzstan,2012,Â°C,0.353,Asia
1056,Kyrgyzstan,2013,Â°C,1.428,Asia
1057,Kyrgyzstan,2014,Â°C,0.541,Asia
1058,Kyrgyzstan,2015,Â°C,1.546,Asia
1059,Kyrgyzstan,2016,Â°C,1.898,Asia
1060,Kyrgyzstan,2017,Â°C,1.478,Asia
1061,Kyrgyzstan,2018,Â°C,1.28,Asia
1062,Kyrgyzstan,2019,Â°C,1.679,Asia
1063,Kyrgyzstan,2020,Â°C,1.427,Asia
1064,Kyrgyzstan,2021,Â°C,1.417,Asia
1065,Kyrgyzstan,2022,Â°C,2.619,Asia
1066,Latvia,2010,Â°C,0.704,Europe
1067,Latvia,2011,Â°C,1.151,Europe
1068,Latvia,2012,Â°C,1.408,Europe
1069,Latvia,2013,Â°C,1.082,Europe
1070,Latvia,2014,Â°C,2.33,Europe
1071,Latvia,2015,Â°C,2.166,Europe
1072,Latvia,2016,Â°C,1.946,Europe
1073,Latvia,2017,Â°C,1.503,Europe
1074,Latvia,2018,Â°C,2.36,Europe
1075,Latvia,2019,Â°C,2.462,Europe
1076,Latvia,2020,Â°C,3.55,Europe
1077,Latvia,2021,Â°C,1.987,Europe
1078,Latvia,2022,Â°C,1.953,Europe
1079,Lebanon,2010,Â°C,2.353,Asia
1080,Lebanon,2011,Â°C,0.663,Asia
1081,Lebanon,2012,Â°C,1.045,Asia
1082,Lebanon,2013,Â°C,1.26,Asia
1083,Lebanon,2014,Â°C,1.051,Asia
1084,Lebanon,2015,Â°C,1.383,Asia
1085,Lebanon,2016,Â°C,1.629,Asia
1086,Lebanon,2017,Â°C,1.023,Asia
1087,Lebanon,2018,Â°C,2.154,Asia
1088,Lebanon,2019,Â°C,1.412,Asia
1089,Lebanon,2020,Â°C,1.623,Asia
1090,Lebanon,2021,Â°C,2.039,Asia
1091,Lebanon,2022,Â°C,1.29,Asia
1131,Liechtenstein,2010,Â°C,0.48,Europe
1132,Liechtenstein,2011,Â°C,1.657,Europe
1133,Liechtenstein,2012,Â°C,1.611,Europe
1134,Liechtenstein,2013,Â°C,0.927,Europe
1135,Liechtenstein,2014,Â°C,2.232,Europe
1136,Liechtenstein,2015,Â°C,2.046,Europe
1137,Liechtenstein,2016,Â°C,2.028,Europe
1138,Liechtenstein,2017,Â°C,1.795,Europe
1139,Liechtenstein,2018,Â°C,2.26,Europe
1140,Liechtenstein,2019,Â°C,2.079,Europe
1141,Liechtenstein,2020,Â°C,2.367,Europe
1142,Liechtenstein,2021,Â°C,1.232,Europe
1143,Liechtenstein,2022,Â°C,2.534,Europe
1144,Lithuania,2010,Â°C,0.766,Europe
1145,Lithuania,2011,Â°C,0.957,Europe
1146,Lithuania,2012,Â°C,1.37,Europe
1147,Lithuania,2013,Â°C,0.967,Europe
1148,Lithuania,2014,Â°C,2.238,Europe
1149,Lithuania,2015,Â°C,2.095,Europe
1150,Lithuania,2016,Â°C,1.944,Europe
1151,Lithuania,2017,Â°C,1.542,Europe
1152,Lithuania,2018,Â°C,2.427,Europe
1153,Lithuania,2019,Â°C,2.642,Europe
1154,Lithuania,2020,Â°C,3.445,Europe
1155,Lithuania,2021,Â°C,1.792,Europe
1156,Lithuania,2022,Â°C,1.96,Europe
1157,Luxembourg,2010,Â°C,0.325,Europe
1158,Luxembourg,2011,Â°C,1.343,Europe
1159,Luxembourg,2012,Â°C,1.262,Europe
1160,Luxembourg,2013,Â°C,0.569,Europe
1161,Luxembourg,2014,Â°C,2.475,Europe
1162,Luxembourg,2015,Â°C,1.528,Europe
1163,Luxembourg,2016,Â°C,1.877,Europe
1164,Luxembourg,2017,Â°C,1.647,Europe
1165,Luxembourg,2018,Â°C,2.468,Europe
1166,Luxembourg,2019,Â°C,2.155,Europe
1167,Luxembourg,2020,Â°C,2.632,Europe
1168,Luxembourg,2021,Â°C,1.158,Europe
1169,Luxembourg,2022,Â°C,2.926,Europe
1196,Malaysia,2010,Â°C,1.111,Asia
1197,Malaysia,2011,Â°C,0.754,Asia
1198,Malaysia,2012,Â°C,0.901,Asia
1199,Malaysia,2013,Â°C,1.121,Asia
1200,Malaysia,2014,Â°C,1.199,Asia
1201,Malaysia,2015,Â°C,1.372,Asia
1202,Malaysia,2016,Â°C,1.836,Asia
1203,Malaysia,2017,Â°C,1.419,Asia
1204,Malaysia,2018,Â°C,1.443,Asia
1205,Malaysia,2019,Â°C,1.7,Asia
1206,Malaysia,2020,Â°C,1.688,Asia
1207,Malaysia,2021,Â°C,1.473,Asia
1208,Malaysia,2022,Â°C,1.367,Asia
1209,Maldives,2010,Â°C,0.683,Asia
1210,Maldives,2011,Â°C,0.561,Asia
1211,Maldives,2012,Â°C,0.573,Asia
1212,Maldives,2013,Â°C,0.662,Asia
1213,Maldives,2014,Â°C,0.766,Asia
1214,Maldives,2015,Â°C,0.982,Asia
1215,Maldives,2016,Â°C,1.555,Asia
1216,Maldives,2017,Â°C,1.126,Asia
1217,Maldives,2018,Â°C,0.84,Asia
1218,Maldives,2019,Â°C,1.131,Asia
1219,Maldives,2020,Â°C,1.17,Asia
1220,Maldives,2021,Â°C,1.122,Asia
1221,Maldives,2022,Â°C,0.784,Asia
1235,Malta,2010,Â°C,1.243,Europe
1236,Malta,2011,Â°C,1.013,Europe
1237,Malta,2012,Â°C,1.44,Europe
1238,Malta,2013,Â°C,1.343,Europe
1239,Malta,2014,Â°C,1.507,Europe
1240,Malta,2015,Â°C,1.403,Europe
1241,Malta,2016,Â°C,1.748,Europe
1242,Malta,2017,Â°C,1.224,Europe
1243,Malta,2018,Â°C,1.441,Europe
1244,Malta,2019,Â°C,1.29,Europe
1245,Malta,2020,Â°C,1.643,Europe
1246,Malta,2021,Â°C,2.123,Europe
1247,Malta,2022,Â°C,1.955,Europe
1300,Monaco,2010,Â°C,0.452,Europe
1301,Monaco,2011,Â°C,1.403,Europe
1302,Monaco,2012,Â°C,1.396,Europe
1303,Monaco,2013,Â°C,0.724,Europe
1304,Monaco,2014,Â°C,1.811,Europe
1305,Monaco,2015,Â°C,1.902,Europe
1306,Monaco,2016,Â°C,1.773,Europe
1307,Monaco,2017,Â°C,1.962,Europe
1308,Monaco,2018,Â°C,1.94,Europe
1309,Monaco,2019,Â°C,1.919,Europe
1310,Monaco,2020,Â°C,2.2,Europe
1311,Monaco,2021,Â°C,1.5,Europe
1312,Monaco,2022,Â°C,2.737,Europe
1313,Mongolia,2010,Â°C,0.306,Asia
1314,Mongolia,2011,Â°C,0.757,Asia
1315,Mongolia,2012,Â°C,0.23,Asia
1316,Mongolia,2013,Â°C,1.024,Asia
1317,Mongolia,2014,Â°C,1.879,Asia
1318,Mongolia,2015,Â°C,2.131,Asia
1319,Mongolia,2016,Â°C,1.391,Asia
1320,Mongolia,2017,Â°C,2.493,Asia
1321,Mongolia,2018,Â°C,2.207,Asia
1322,Mongolia,2019,Â°C,1.847,Asia
1323,Mongolia,2020,Â°C,2.353,Asia
1324,Mongolia,2021,Â°C,1.994,Asia
1325,Mongolia,2022,Â°C,2.197,Asia
1326,Montenegro,2010,Â°C,1.185,Europe
1327,Montenegro,2011,Â°C,0.985,Europe
1328,Montenegro,2012,Â°C,1.653,Europe
1329,Montenegro,2013,Â°C,1.444,Europe
1330,Montenegro,2014,Â°C,1.503,Europe
1331,Montenegro,2015,Â°C,1.702,Europe
1332,Montenegro,2016,Â°C,1.474,Europe
1333,Montenegro,2017,Â°C,1.275,Europe
1334,Montenegro,2018,Â°C,2.232,Europe
1335,Montenegro,2019,Â°C,1.823,Europe
1336,Montenegro,2020,Â°C,1.706,Europe
1337,Montenegro,2021,Â°C,1.596,Europe
1338,Montenegro,2022,Â°C,1.865,Europe
1391,Nepal,2010,Â°C,1.138,Asia
1392,Nepal,2011,Â°C,0.231,Asia
1393,Nepal,2012,Â°C,0.402,Asia
1394,Nepal,2013,Â°C,0.189,Asia
1395,Nepal,2014,Â°C,0.337,Asia
1396,Nepal,2015,Â°C,0.654,Asia
1397,Nepal,2016,Â°C,1.169,Asia
1398,Nepal,2017,Â°C,1.071,Asia
1399,Nepal,2018,Â°C,0.627,Asia
1400,Nepal,2019,Â°C,0.854,Asia
1401,Nepal,2020,Â°C,0.229,Asia
1402,Nepal,2021,Â°C,0.632,Asia
1403,Nepal,2022,Â°C,1.132,Asia
1456,Norway,2010,Â°C,-0.341,Europe
1457,Norway,2011,Â°C,1.398,Europe
1458,Norway,2012,Â°C,1.063,Europe
1459,Norway,2013,Â°C,0.791,Europe
1460,Norway,2014,Â°C,2.412,Europe
1461,Norway,2015,Â°C,1.781,Europe
1462,Norway,2016,Â°C,1.718,Europe
1463,Norway,2017,Â°C,1.551,Europe
1464,Norway,2018,Â°C,1.485,Europe
1465,Norway,2019,Â°C,1.208,Europe
1466,Norway,2020,Â°C,2.389,Europe
1467,Norway,2021,Â°C,1.499,Europe
1468,Norway,2022,Â°C,1.918,Europe
1469,Oman,2010,Â°C,1.104,Asia
1470,Oman,2011,Â°C,0.84,Asia
1471,Oman,2012,Â°C,0.754,Asia
1472,Oman,2013,Â°C,0.473,Asia
1473,Oman,2014,Â°C,0.485,Asia
1474,Oman,2015,Â°C,1.213,Asia
1475,Oman,2016,Â°C,0.933,Asia
1476,Oman,2017,Â°C,1.421,Asia
1477,Oman,2018,Â°C,1.121,Asia
1478,Oman,2019,Â°C,0.89,Asia
1479,Oman,2020,Â°C,0.496,Asia
1480,Oman,2021,Â°C,1.329,Asia
1481,Oman,2022,Â°C,1.055,Asia
1482,Pakistan,2010,Â°C,1.29,Asia
1483,Pakistan,2011,Â°C,0.833,Asia
1484,Pakistan,2012,Â°C,0.263,Asia
1485,Pakistan,2013,Â°C,0.778,Asia
1486,Pakistan,2014,Â°C,0.358,Asia
1487,Pakistan,2015,Â°C,0.529,Asia
1488,Pakistan,2016,Â°C,1.233,Asia
1489,Pakistan,2017,Â°C,1.252,Asia
1490,Pakistan,2018,Â°C,1.359,Asia
1491,Pakistan,2019,Â°C,0.566,Asia
1492,Pakistan,2020,Â°C,0.394,Asia
1493,Pakistan,2021,Â°C,1.121,Asia
1494,Pakistan,2022,Â°C,1.389,Asia
1560,Philippines,2010,Â°C,1.065,Asia
1561,Philippines,2011,Â°C,0.62,Asia
1562,Philippines,2012,Â°C,0.912,Asia
1563,Philippines,2013,Â°C,1.057,Asia
1564,Philippines,2014,Â°C,0.96,Asia
1565,Philippines,2015,Â°C,1.155,Asia
1566,Philippines,2016,Â°C,1.603,Asia
1567,Philippines,2017,Â°C,1.3,Asia
1568,Philippines,2018,Â°C,1.329,Asia
1569,Philippines,2019,Â°C,1.407,Asia
1570,Philippines,2020,Â°C,1.56,Asia
1571,Philippines,2021,Â°C,1.431,Asia
1572,Philippines,2022,Â°C,1.405,Asia
1573,Poland,2010,Â°C,0.403,Europe
1574,Poland,2011,Â°C,0.765,Europe
1575,Poland,2012,Â°C,1.383,Europe
1576,Poland,2013,Â°C,0.651,Europe
1577,Poland,2014,Â°C,2.38,Europe
1578,Poland,2015,Â°C,2.013,Europe
1579,Poland,2016,Â°C,2.056,Europe
1580,Poland,2017,Â°C,1.475,Europe
1581,Poland,2018,Â°C,2.434,Europe
1582,Poland,2019,Â°C,2.652,Europe
1583,Poland,2020,Â°C,2.677,Europe
1584,Poland,2021,Â°C,1.466,Europe
1585,Poland,2022,Â°C,2.056,Europe
1586,Portugal,2010,Â°C,1.122,Europe
1587,Portugal,2011,Â°C,1.615,Europe
1588,Portugal,2012,Â°C,0.797,Europe
1589,Portugal,2013,Â°C,0.941,Europe
1590,Portugal,2014,Â°C,1.349,Europe
1591,Portugal,2015,Â°C,1.405,Europe
1592,Portugal,2016,Â°C,1.682,Europe
1593,Portugal,2017,Â°C,2.109,Europe
1594,Portugal,2018,Â°C,0.906,Europe
1595,Portugal,2019,Â°C,1.291,Europe
1596,Portugal,2020,Â°C,1.99,Europe
1597,Portugal,2021,Â°C,1.251,Europe
1598,Portugal,2022,Â°C,2.318,Europe
1599,Qatar,2010,Â°C,2.001,Asia
1600,Qatar,2011,Â°C,1.444,Asia
1601,Qatar,2012,Â°C,1.376,Asia
1602,Qatar,2013,Â°C,1.212,Asia
1603,Qatar,2014,Â°C,1.541,Asia
1604,Qatar,2015,Â°C,1.971,Asia
1605,Qatar,2016,Â°C,1.515,Asia
1606,Qatar,2017,Â°C,1.893,Asia
1607,Qatar,2018,Â°C,2.004,Asia
1608,Qatar,2019,Â°C,1.84,Asia
1609,Qatar,2020,Â°C,1.734,Asia
1610,Qatar,2021,Â°C,2.165,Asia
1611,Qatar,2022,Â°C,1.855,Asia
1612,Romania,2010,Â°C,1.167,Europe
1613,Romania,2011,Â°C,0.497,Europe
1614,Romania,2012,Â°C,1.828,Europe
1615,Romania,2013,Â°C,1.37,Europe
1616,Romania,2014,Â°C,1.552,Europe
1617,Romania,2015,Â°C,1.799,Europe
1618,Romania,2016,Â°C,1.876,Europe
1619,Romania,2017,Â°C,1.153,Europe
1620,Romania,2018,Â°C,2.266,Europe
1621,Romania,2019,Â°C,2.241,Europe
1622,Romania,2020,Â°C,2.256,Europe
1623,Romania,2021,Â°C,1.447,Europe
1624,Romania,2022,Â°C,1.949,Europe
1625,Russian Federation,2010,Â°C,0.88,Asia
1626,Russian Federation,2011,Â°C,1.704,Asia
1627,Russian Federation,2012,Â°C,1.933,Asia
1628,Russian Federation,2013,Â°C,1.166,Asia
1629,Russian Federation,2014,Â°C,1.753,Asia
1630,Russian Federation,2015,Â°C,2.246,Asia
1631,Russian Federation,2016,Â°C,2.459,Asia
1632,Russian Federation,2017,Â°C,2.127,Asia
1633,Russian Federation,2018,Â°C,2.043,Asia
1634,Russian Federation,2019,Â°C,2.178,Asia
1635,Russian Federation,2020,Â°C,3.691,Asia
1636,Russian Federation,2021,Â°C,1.643,Asia
1637,Russian Federation,2022,Â°C,2.261,Asia
1703,San Marino,2010,Â°C,0.696,Europe
1704,San Marino,2011,Â°C,1.28,Europe
1705,San Marino,2012,Â°C,1.687,Europe
1706,San Marino,2013,Â°C,0.992,Europe
1707,San Marino,2014,Â°C,1.607,Europe
1708,San Marino,2015,Â°C,1.833,Europe
1709,San Marino,2016,Â°C,1.768,Europe
1710,San Marino,2017,Â°C,1.7,Europe
1711,San Marino,2018,Â°C,1.971,Europe
1712,San Marino,2019,Â°C,1.822,Europe
1713,San Marino,2020,Â°C,1.995,Europe
1714,San Marino,2021,Â°C,1.529,Europe
1715,San Marino,2022,Â°C,2.115,Europe
1729,Saudi Arabia,2010,Â°C,2.18,Asia
1730,Saudi Arabia,2011,Â°C,0.893,Asia
1731,Saudi Arabia,2012,Â°C,1.241,Asia
1732,Saudi Arabia,2013,Â°C,1.204,Asia
1733,Saudi Arabia,2014,Â°C,1.249,Asia
1734,Saudi Arabia,2015,Â°C,1.867,Asia
1735,Saudi Arabia,2016,Â°C,1.533,Asia
1736,Saudi Arabia,2017,Â°C,1.78,Asia
1737,Saudi Arabia,2018,Â°C,1.887,Asia
1738,Saudi Arabia,2019,Â°C,1.69,Asia
1739,Saudi Arabia,2020,Â°C,1.488,Asia
1740,Saudi Arabia,2021,Â°C,2.203,Asia
1741,Saudi Arabia,2022,Â°C,1.745,Asia
1755,Serbia,2010,Â°C,1.161,Europe
1756,Serbia,2011,Â°C,0.736,Europe
1757,Serbia,2012,Â°C,1.692,Europe
1758,Serbia,2013,Â°C,1.413,Europe
1759,Serbia,2014,Â°C,1.596,Europe
1760,Serbia,2015,Â°C,1.743,Europe
1761,Serbia,2016,Â°C,1.698,Europe
1762,Serbia,2017,Â°C,1.276,Europe
1763,Serbia,2018,Â°C,2.317,Europe
1764,Serbia,2019,Â°C,2.087,Europe
1765,Serbia,2020,Â°C,1.816,Europe
1766,Serbia,2021,Â°C,1.594,Europe
1767,Serbia,2022,Â°C,1.938,Europe
1794,Singapore,2010,Â°C,1.059,Asia
1795,Singapore,2011,Â°C,0.74,Asia
1796,Singapore,2012,Â°C,0.826,Asia
1797,Singapore,2013,Â°C,1.15,Asia
1798,Singapore,2014,Â°C,1.331,Asia
1799,Singapore,2015,Â°C,1.537,Asia
1800,Singapore,2016,Â°C,2.038,Asia
1801,Singapore,2017,Â°C,1.587,Asia
1802,Singapore,2018,Â°C,1.37,Asia
1803,Singapore,2019,Â°C,1.878,Asia
1804,Singapore,2020,Â°C,1.585,Asia
1805,Singapore,2021,Â°C,1.3,Asia
1806,Singapore,2022,Â°C,1.311,Asia
1807,Slovakia,2010,Â°C,0.685,Europe
1808,Slovakia,2011,Â°C,0.84,Europe
1809,Slovakia,2012,Â°C,1.569,Europe
1810,Slovakia,2013,Â°C,0.949,Europe
1811,Slovakia,2014,Â°C,2.379,Europe
1812,Slovakia,2015,Â°C,2.122,Europe
1813,Slovakia,2016,Â°C,1.959,Europe
1814,Slovakia,2017,Â°C,1.276,Europe
1815,Slovakia,2018,Â°C,2.549,Europe
1816,Slovakia,2019,Â°C,2.42,Europe
1817,Slovakia,2020,Â°C,2.027,Europe
1818,Slovakia,2021,Â°C,1.287,Europe
1819,Slovakia,2022,Â°C,2.018,Europe
1820,Slovenia,2010,Â°C,0.769,Europe
1821,Slovenia,2011,Â°C,1.354,Europe
1822,Slovenia,2012,Â°C,1.931,Europe
1823,Slovenia,2013,Â°C,1.234,Europe
1824,Slovenia,2014,Â°C,2.431,Europe
1825,Slovenia,2015,Â°C,2.125,Europe
1826,Slovenia,2016,Â°C,2.046,Europe
1827,Slovenia,2017,Â°C,1.721,Europe
1828,Slovenia,2018,Â°C,2.412,Europe
1829,Slovenia,2019,Â°C,2.34,Europe
1830,Slovenia,2020,Â°C,2.228,Europe
1831,Slovenia,2021,Â°C,1.524,Europe
1832,Slovenia,2022,Â°C,2.435,Europe
1884,Spain,2010,Â°C,0.908,Europe
1885,Spain,2011,Â°C,1.613,Europe
1886,Spain,2012,Â°C,1.043,Europe
1887,Spain,2013,Â°C,0.906,Europe
1888,Spain,2014,Â°C,1.603,Europe
1889,Spain,2015,Â°C,1.533,Europe
1890,Spain,2016,Â°C,1.714,Europe
1891,Spain,2017,Â°C,2.036,Europe
1892,Spain,2018,Â°C,1.149,Europe
1893,Spain,2019,Â°C,1.534,Europe
1894,Spain,2020,Â°C,2.083,Europe
1895,Spain,2021,Â°C,1.431,Europe
1896,Spain,2022,Â°C,2.489,Europe
1897,Sri Lanka,2010,Â°C,1.105,Asia
1898,Sri Lanka,2011,Â°C,0.739,Asia
1899,Sri Lanka,2012,Â°C,0.977,Asia
1900,Sri Lanka,2013,Â°C,0.862,Asia
1901,Sri Lanka,2014,Â°C,0.997,Asia
1902,Sri Lanka,2015,Â°C,1.006,Asia
1903,Sri Lanka,2016,Â°C,1.369,Asia
1904,Sri Lanka,2017,Â°C,1.095,Asia
1905,Sri Lanka,2018,Â°C,0.823,Asia
1906,Sri Lanka,2019,Â°C,1.275,Asia
1907,Sri Lanka,2020,Â°C,1.315,Asia
1908,Sri Lanka,2021,Â°C,1.034,Asia
1909,Sri Lanka,2022,Â°C,1.004,Asia
1935,Sweden,2010,Â°C,-0.279,Europe
1936,Sweden,2011,Â°C,1.267,Europe
1937,Sweden,2012,Â°C,1.313,Europe
1938,Sweden,2013,Â°C,0.857,Europe
1939,Sweden,2014,Â°C,2.704,Europe
1940,Sweden,2015,Â°C,2.069,Europe
1941,Sweden,2016,Â°C,1.841,Europe
1942,Sweden,2017,Â°C,1.588,Europe
1943,Sweden,2018,Â°C,1.844,Europe
1944,Sweden,2019,Â°C,1.568,Europe
1945,Sweden,2020,Â°C,2.943,Europe
1946,Sweden,2021,Â°C,1.846,Europe
1947,Sweden,2022,Â°C,2.11,Europe
1948,Switzerland,2010,Â°C,0.459,Europe
1949,Switzerland,2011,Â°C,1.667,Europe
1950,Switzerland,2012,Â°C,1.512,Europe
1951,Switzerland,2013,Â°C,0.782,Europe
1952,Switzerland,2014,Â°C,2.169,Europe
1953,Switzerland,2015,Â°C,1.972,Europe
1954,Switzerland,2016,Â°C,1.859,Europe
1955,Switzerland,2017,Â°C,1.837,Europe
1956,Switzerland,2018,Â°C,2.343,Europe
1957,Switzerland,2019,Â°C,2.096,Europe
1958,Switzerland,2020,Â°C,2.514,Europe
1959,Switzerland,2021,Â°C,1.181,Europe
1960,Switzerland,2022,Â°C,2.798,Europe
1961,Tajikistan,2010,Â°C,1.342,Asia
1962,Tajikistan,2011,Â°C,1.438,Asia
1963,Tajikistan,2012,Â°C,-0.032,Asia
1964,Tajikistan,2013,Â°C,1.255,Asia
1965,Tajikistan,2014,Â°C,0.461,Asia
1966,Tajikistan,2015,Â°C,1.301,Asia
1967,Tajikistan,2016,Â°C,1.645,Asia
1968,Tajikistan,2017,Â°C,1.288,Asia
1969,Tajikistan,2018,Â°C,1.66,Asia
1970,Tajikistan,2019,Â°C,1.325,Asia
1971,Tajikistan,2020,Â°C,1.034,Asia
1972,Tajikistan,2021,Â°C,0.945,Asia
1973,Tajikistan,2022,Â°C,2.074,Asia
1974,Thailand,2010,Â°C,1.405,Asia
1975,Thailand,2011,Â°C,0.36,Asia
1976,Thailand,2012,Â°C,1.023,Asia
1977,Thailand,2013,Â°C,1.234,Asia
1978,Thailand,2014,Â°C,0.845,Asia
1979,Thailand,2015,Â°C,1.392,Asia
1980,Thailand,2016,Â°C,1.659,Asia
1981,Thailand,2017,Â°C,1.202,Asia
1982,Thailand,2018,Â°C,0.954,Asia
1983,Thailand,2019,Â°C,1.857,Asia
1984,Thailand,2020,Â°C,1.596,Asia
1985,Thailand,2021,Â°C,1.112,Asia
1986,Thailand,2022,Â°C,1.014,Asia
2039,Turkmenistan,2010,Â°C,1.891,Asia
2040,Turkmenistan,2011,Â°C,1.098,Asia
2041,Turkmenistan,2012,Â°C,0.78,Asia
2042,Turkmenistan,2013,Â°C,1.643,Asia
2043,Turkmenistan,2014,Â°C,0.714,Asia
2044,Turkmenistan,2015,Â°C,1.427,Asia
2045,Turkmenistan,2016,Â°C,2.02,Asia
2046,Turkmenistan,2017,Â°C,1.692,Asia
2047,Turkmenistan,2018,Â°C,1.524,Asia
2048,Turkmenistan,2019,Â°C,1.818,Asia
2049,Turkmenistan,2020,Â°C,1.528,Asia
2050,Turkmenistan,2021,Â°C,1.647,Asia
2051,Turkmenistan,2022,Â°C,2.528,Asia
2078,Ukraine,2010,Â°C,1.649,Europe
2079,Ukraine,2011,Â°C,0.581,Europe
2080,Ukraine,2012,Â°C,1.957,Europe
2081,Ukraine,2013,Â°C,1.522,Europe
2082,Ukraine,2014,Â°C,1.718,Europe
2083,Ukraine,2015,Â°C,2.075,Europe
2084,Ukraine,2016,Â°C,2.114,Europe
2085,Ukraine,2017,Â°C,1.419,Europe
2086,Ukraine,2018,Â°C,2.242,Europe
2087,Ukraine,2019,Â°C,2.37,Europe
2088,Ukraine,2020,Â°C,3.026,Europe
2089,Ukraine,2021,Â°C,1.435,Europe
2090,Ukraine,2022,Â°C,1.931,Europe
2091,United Arab Emirates,2010,Â°C,1.482,Asia
2092,United Arab Emirates,2011,Â°C,1.121,Asia
2093,United Arab Emirates,2012,Â°C,1.086,Asia
2094,United Arab Emirates,2013,Â°C,0.739,Asia
2095,United Arab Emirates,2014,Â°C,0.909,Asia
2096,United Arab Emirates,2015,Â°C,1.556,Asia
2097,United Arab Emirates,2016,Â°C,1.059,Asia
2098,United Arab Emirates,2017,Â°C,1.632,Asia
2099,United Arab Emirates,2018,Â°C,1.498,Asia
2100,United Arab Emirates,2019,Â°C,1.204,Asia
2101,United Arab Emirates,2020,Â°C,1.21,Asia
2102,United Arab Emirates,2021,Â°C,1.699,Asia
2103,United Arab Emirates,2022,Â°C,1.482,Asia
2117,Uzbekistan,2010,Â°C,1.827,Asia
2118,Uzbekistan,2011,Â°C,1.091,Asia
2119,Uzbekistan,2012,Â°C,0.716,Asia
2120,Uzbekistan,2013,Â°C,1.563,Asia
2121,Uzbekistan,2014,Â°C,0.211,Asia
2122,Uzbekistan,2015,Â°C,1.443,Asia
2123,Uzbekistan,2016,Â°C,2.31,Asia
2124,Uzbekistan,2017,Â°C,1.792,Asia
2125,Uzbekistan,2018,Â°C,1.044,Asia
2126,Uzbekistan,2019,Â°C,1.943,Asia
2127,Uzbekistan,2020,Â°C,1.721,Asia
2128,Uzbekistan,2021,Â°C,1.532,Asia
2129,Uzbekistan,2022,Â°C,2.607,Asia
2143,Yemen,2010,Â°C,,Asia
2144,Yemen,2011,Â°C,,Asia
2145,Yemen,2012,Â°C,,Asia
2146,Yemen,2013,Â°C,,Asia
2147,Yemen,2014,Â°C,,Asia
2148,Yemen,2015,Â°C,,Asia
2149,Yemen,2016,Â°C,,Asia
2150,Yemen,2017,Â°C,,Asia
2151,Yemen,2018,Â°C,,Asia
2152,Yemen,2019,Â°C,,Asia
2153,Yemen,2020,Â°C,,Asia
2154,Yemen,2021,Â°C,,Asia
2155,Yemen,2022,Â°C,,Asia
